mc	mn	mc_onset	mn_onset	timesig	staff	voice	duration	gracenote	nominal_duration	scalar	tied	tpc	midi	volta	chord_id
1	1	0	0	4/4	2	2	1/8		1/8	1		-1	29		3
1	1	1/8	1/8	4/4	2	2	1/8		1/8	1		-1	41		4
1	1	1/4	1/4	4/4	2	2	1/8		1/8	1		0	48		5
1	1	3/8	3/8	4/4	2	2	1/8		1/8	1	1	0	48		6
1	1	1/2	1/2	4/4	2	2	1/2		1/2	1	0	0	48		7
1	1	1/2	1/2	4/4	2	1	1/2		1/2	1	1	1	55		2
1	1	1/2	1/2	4/4	2	1	1/2		1/2	1	1	-2	58		2
1	1	1/2	1/2	4/4	2	1	1/2		1/2	1	1	2	62		2
1	1	1/2	1/2	4/4	1	2	1/2		1/2	1	1	1	67		1
1	1	1/2	1/2	4/4	1	2	1/2		1/2	1	1	-2	70		1
1	1	1/2	1/2	4/4	1	2	1/2		1/2	1	1	2	74		1
1	1	1/2	1/2	4/4	1	1	1/2		1/2	1	1	1	79		0
2	2	0	0	4/4	2	2	1/4		1/4	1	-1	0	48		26
2	2	0	0	4/4	2	1	1/4		1/4	1	-1	1	55		25
2	2	0	0	4/4	2	1	1/4		1/4	1	-1	-2	58		25
2	2	0	0	4/4	2	1	1/4		1/4	1	-1	2	62		25
2	2	0	0	4/4	1	2	1/4		1/4	1	-1	1	67		24
2	2	0	0	4/4	1	2	1/4		1/4	1	-1	-2	70		24
2	2	0	0	4/4	1	2	1/4		1/4	1	-1	2	74		24
2	2	0	0	4/4	1	1	1/16		1/16	1	-1	1	79		8
2	2	1/16	1/16	4/4	1	1	1/16		1/16	1		3	81		9
2	2	1/8	1/8	4/4	1	1	1/16		1/16	1		-2	82		10
2	2	3/16	3/16	4/4	1	1	1/16		1/16	1		3	81		11
2	2	1/4	1/4	4/4	1	1	1/16		1/16	1		1	79		12
2	2	5/16	5/16	4/4	1	1	1/16		1/16	1		3	81		13
2	2	3/8	3/8	4/4	1	1	1/16		1/16	1		1	79		14
2	2	7/16	7/16	4/4	1	1	1/16		1/16	1		-1	77		15
2	2	1/2	1/2	4/4	1	1	1/16		1/16	1		2	74		16
2	2	9/16	9/16	4/4	1	1	1/16		1/16	1		-1	77		17
2	2	5/8	5/8	4/4	1	1	1/16		1/16	1		2	74		18
2	2	11/16	11/16	4/4	1	1	1/16		1/16	1		0	72		19
2	2	3/4	3/4	4/4	1	1	1/16		1/16	1		-2	70		20
2	2	13/16	13/16	4/4	1	1	1/16		1/16	1		1	67		21
2	2	7/8	7/8	4/4	1	1	1/16		1/16	1		2	62		22
2	2	15/16	15/16	4/4	1	1	1/16		1/16	1		4	64		23
3	3	0	0	4/4	2	2	1/2		1/2	1		-1	41		43
3	3	0	0	4/4	2	2	1/2		1/2	1		0	48		43
3	3	0	0	4/4	2	1	1		1	1		3	57		42
3	3	0	0	4/4	1	2	1/2		1/2	1		0	60		40
3	3	0	0	4/4	1	1	1/16		1/16	1		1	67		27
3	3	1/16	1/16	4/4	1	1	1/16		1/16	1		-1	65		28
3	3	1/8	1/8	4/4	1	1	1/16		1/16	1		1	67		29
3	3	3/16	3/16	4/4	1	1	1/16		1/16	1		3	69		30
3	3	1/4	1/4	4/4	1	1	1/4		1/4	1	1	1	67		31
3	3	1/2	1/2	4/4	2	2	1/2		1/2	1		-2	46		44
3	3	1/2	1/2	4/4	2	2	1/2		1/2	1		-1	53		44
3	3	1/2	1/2	4/4	1	2	1/2		1/2	1		2	62		41
3	3	1/2	1/2	4/4	1	1	1/16		1/16	1	-1	1	67		32
3	3	9/16	9/16	4/4	1	1	1/16		1/16	1		-1	65		33
3	3	5/8	5/8	4/4	1	1	1/16		1/16	1		1	67		34
3	3	11/16	11/16	4/4	1	1	1/16		1/16	1		3	69		35
3	3	3/4	3/4	4/4	1	1	1/16		1/16	1		0	72		36
3	3	13/16	13/16	4/4	1	1	1/16		1/16	1		3	69		37
3	3	7/8	7/8	4/4	1	1	1/16		1/16	1		1	67		38
3	3	15/16	15/16	4/4	1	1	1/16		1/16	1		-1	65		39
4	4	0	0	4/4	2	2	1/2		1/2	1		0	48		61
4	4	0	0	4/4	2	1	1		1	1		3	57		60
4	4	0	0	4/4	1	2	1/2		1/2	1		4	64		58
4	4	0	0	4/4	1	1	1/16		1/16	1		1	67		45
4	4	1/16	1/16	4/4	1	1	1/16		1/16	1		-1	65		46
4	4	1/8	1/8	4/4	1	1	1/16		1/16	1		1	67		47
4	4	3/16	3/16	4/4	1	1	1/16		1/16	1		3	69		48
4	4	1/4	1/4	4/4	1	1	1/4		1/4	1	1	1	67		49
4	4	1/2	1/2	4/4	2	2	1/2		1/2	1		2	50		62
4	4	1/2	1/2	4/4	1	2	1/2		1/2	1	1	2	62		59
4	4	1/2	1/2	4/4	1	1	1/16		1/16	1	-1	1	67		50
4	4	9/16	9/16	4/4	1	1	1/16		1/16	1		-1	65		51
4	4	5/8	5/8	4/4	1	1	1/16		1/16	1		1	67		52
4	4	11/16	11/16	4/4	1	1	1/16		1/16	1		3	69		53
4	4	3/4	3/4	4/4	1	1	1/16		1/16	1		2	74		54
4	4	13/16	13/16	4/4	1	1	1/16		1/16	1		3	69		55
4	4	7/8	7/8	4/4	1	1	1/16		1/16	1		1	67		56
4	4	15/16	15/16	4/4	1	1	1/16		1/16	1	1	-1	65		57
5	5	0	0	4/4	2	1	1/4		1/4	1		-2	46		75
5	5	0	0	4/4	2	1	1/4		1/4	1		-1	53		75
5	5	0	0	4/4	2	1	1/4		1/4	1		-2	58		75
5	5	0	0	4/4	1	2	1/4		1/4	1	-1	2	62		72
5	5	0	0	4/4	1	1	1/16		1/16	1	-1	-1	65		63
5	5	1/16	1/16	4/4	1	1	1/16		1/16	1		-2	70		64
5	5	1/8	1/8	4/4	1	1	1/16		1/16	1		2	74		65
5	5	3/16	3/16	4/4	1	1	1/16		1/16	1		-1	77		66
5	5	1/4	1/4	4/4	2	2	3/4		1/2	3/2		-2	58		80
5	5	1/4	1/4	4/4	2	1	1/4		1/4	1		-1	65		76
5	5	1/4	1/4	4/4	1	2	1/4		1/4	1		2	74		73
5	5	1/4	1/4	4/4	1	1	1/4		1/4	1	1	3	81		67
5	5	1/2	1/2	4/4	2	1	1/4		1/4	1		4	64		77
5	5	1/2	1/2	4/4	1	2	1/2		1/2	1	1	0	72		74
5	5	1/2	1/2	4/4	1	1	1/8		1/8	1	-1	3	81		68
5	5	5/8	5/8	4/4	1	1	1/8		1/8	1		1	79		69
5	5	3/4	3/4	4/4	2	1	1/8		1/8	1		2	62		78
5	5	3/4	3/4	4/4	1	1	1/8		1/8	1		-1	77		70
5	5	7/8	7/8	4/4	2	1	1/8		1/8	1	1	4	64		79
5	5	7/8	7/8	4/4	1	1	1/8		1/8	1	1	1	79		71
6	6	0	0	4/4	2	2	1/2		1/2	1		3	57		103
6	6	0	0	4/4	2	1	1/16		1/16	1	-1	4	64		95
6	6	0	0	4/4	1	2	1/4		1/4	1	0	0	72		90
6	6	0	0	4/4	1	1	1/16		1/16	1	-1	1	79		81
6	6	1/16	1/16	4/4	2	1	1/16		1/16	1		-1	65		96
6	6	1/16	1/16	4/4	1	1	1/16		1/16	1		-1	77		82
6	6	1/8	1/8	4/4	2	1	1/16		1/16	1		1	67		97
6	6	1/8	1/8	4/4	1	1	1/16		1/16	1		4	76		83
6	6	3/16	3/16	4/4	2	1	1/16		1/16	1		3	69		98
6	6	3/16	3/16	4/4	1	1	1/16		1/16	1		1	79		84
6	6	1/4	1/4	4/4	2	1	1/4		1/4	1	1	2	62		99
6	6	1/4	1/4	4/4	1	2	1/8		1/8	1	-1	0	72		91
6	6	1/4	1/4	4/4	1	1	1/4		1/4	1	1	-1	77		85
6	6	3/8	3/8	4/4	1	2	1/16		1/16	1		-2	70		92
6	6	7/16	7/16	4/4	1	2	1/16		1/16	1		3	69		93
6	6	1/2	1/2	4/4	2	2	1/4		1/4	1		1	55		104
6	6	1/2	1/2	4/4	2	1	1/8		1/8	1	-1	2	62		100
6	6	1/2	1/2	4/4	1	2	1/2		1/2	1		-2	70		94
6	6	1/2	1/2	4/4	1	1	1/8		1/8	1	-1	-1	77		86
6	6	5/8	5/8	4/4	2	1	1/8		1/8	1		4	64		101
6	6	5/8	5/8	4/4	1	1	1/8		1/8	1		4	76		87
6	6	3/4	3/4	4/4	2	1	1/4		1/4	1		0	48		102
6	6	3/4	3/4	4/4	2	2	1/4		1/4	1		0	48		105
6	6	3/4	3/4	4/4	1	1	1/8		1/8	1		-1	65		88
6	6	3/4	3/4	4/4	1	1	1/8		1/8	1		2	74		88
6	6	7/8	7/8	4/4	1	1	1/8		1/8	1		4	64		89
6	6	7/8	7/8	4/4	1	1	1/8		1/8	1		0	72		89
7	7	0	0	4/4	2	2	1/8		1/8	1		-1	29		109
7	7	1/8	1/8	4/4	2	2	1/8		1/8	1		-1	41		110
7	7	1/4	1/4	4/4	2	2	1/8		1/8	1		0	48		111
7	7	3/8	3/8	4/4	2	2	1/8		1/8	1	1	0	48		112
7	7	1/2	1/2	4/4	2	2	1/2		1/2	1	0	0	48		113
7	7	1/2	1/2	4/4	2	1	1/2		1/2	1	1	1	55		108
7	7	1/2	1/2	4/4	2	1	1/2		1/2	1	1	-2	58		108
7	7	1/2	1/2	4/4	2	1	1/2		1/2	1	1	2	62		108
7	7	1/2	1/2	4/4	1	2	1/2		1/2	1	1	1	67		107
7	7	1/2	1/2	4/4	1	2	1/2		1/2	1	1	-2	70		107
7	7	1/2	1/2	4/4	1	2	1/2		1/2	1	1	2	74		107
7	7	1/2	1/2	4/4	1	1	1/2		1/2	1	1	1	79		106
8	8	0	0	4/4	2	2	1/4		1/4	1	-1	0	48		132
8	8	0	0	4/4	2	1	1/4		1/4	1	-1	1	55		131
8	8	0	0	4/4	2	1	1/4		1/4	1	-1	-2	58		131
8	8	0	0	4/4	2	1	1/4		1/4	1	-1	2	62		131
8	8	0	0	4/4	1	2	1/4		1/4	1	-1	1	67		130
8	8	0	0	4/4	1	2	1/4		1/4	1	-1	-2	70		130
8	8	0	0	4/4	1	2	1/4		1/4	1	-1	2	74		130
8	8	0	0	4/4	1	1	1/16		1/16	1	-1	1	79		114
8	8	1/16	1/16	4/4	1	1	1/16		1/16	1		3	81		115
8	8	1/8	1/8	4/4	1	1	1/16		1/16	1		-2	82		116
8	8	3/16	3/16	4/4	1	1	1/16		1/16	1		3	81		117
8	8	1/4	1/4	4/4	1	1	1/16		1/16	1		1	79		118
8	8	5/16	5/16	4/4	1	1	1/16		1/16	1		3	81		119
8	8	3/8	3/8	4/4	1	1	1/16		1/16	1		1	79		120
8	8	7/16	7/16	4/4	1	1	1/16		1/16	1		-1	77		121
8	8	1/2	1/2	4/4	1	1	1/16		1/16	1		2	74		122
8	8	9/16	9/16	4/4	1	1	1/16		1/16	1		-1	77		123
8	8	5/8	5/8	4/4	1	1	1/16		1/16	1		2	74		124
8	8	11/16	11/16	4/4	1	1	1/16		1/16	1		0	72		125
8	8	3/4	3/4	4/4	1	1	1/16		1/16	1		-2	70		126
8	8	13/16	13/16	4/4	1	1	1/16		1/16	1		1	67		127
8	8	7/8	7/8	4/4	1	1	1/16		1/16	1		2	62		128
8	8	15/16	15/16	4/4	1	1	1/16		1/16	1		4	64		129
9	9	0	0	4/4	2	2	1/2		1/2	1		-2	58		147
9	9	0	0	4/4	2	1	1		1	1		0	60		146
9	9	0	0	4/4	2	1	1		1	1		-3	63		146
9	9	0	0	4/4	1	1	1/16		1/16	1		1	67		133
9	9	1/16	1/16	4/4	1	1	1/16		1/16	1		-1	65		134
9	9	1/8	1/8	4/4	1	1	1/16		1/16	1		1	67		135
9	9	3/16	3/16	4/4	1	1	1/16		1/16	1		3	69		136
9	9	1/4	1/4	4/4	1	1	1/4		1/4	1	1	1	67		137
9	9	1/2	1/2	4/4	2	2	1/2		1/2	1		3	57		148
9	9	1/2	1/2	4/4	1	1	1/16		1/16	1	-1	1	67		138
9	9	9/16	9/16	4/4	1	1	1/16		1/16	1		-1	65		139
9	9	5/8	5/8	4/4	1	1	1/16		1/16	1		1	67		140
9	9	11/16	11/16	4/4	1	1	1/16		1/16	1		3	69		141
9	9	3/4	3/4	4/4	1	1	1/16		1/16	1		0	72		142
9	9	13/16	13/16	4/4	1	1	1/16		1/16	1		3	69		143
9	9	7/8	7/8	4/4	1	1	1/16		1/16	1		1	67		144
9	9	15/16	15/16	4/4	1	1	1/16		1/16	1		-1	65		145
10	10	0	0	4/4	2	1	1/2		1/2	1		-3	51		163
10	10	0	0	4/4	2	1	1/2		1/2	1		-2	58		163
10	10	0	0	4/4	2	1	1/2		1/2	1		2	62		163
10	10	0	0	4/4	1	1	1/16		1/16	1		1	67		149
10	10	1/16	1/16	4/4	1	1	1/16		1/16	1		-1	65		150
10	10	1/8	1/8	4/4	1	1	1/16		1/16	1		1	67		151
10	10	3/16	3/16	4/4	1	1	1/16		1/16	1		3	69		152
10	10	1/4	1/4	4/4	1	1	1/4		1/4	1	1	1	67		153
10	10	1/2	1/2	4/4	2	1	1/2		1/2	1		-1	41		164
10	10	1/2	1/2	4/4	2	1	1/2		1/2	1		0	48		164
10	10	1/2	1/2	4/4	2	1	1/2		1/2	1		3	57		164
10	10	1/2	1/2	4/4	1	2	1/2		1/2	1		-3	63		162
10	10	1/2	1/2	4/4	1	1	1/16		1/16	1	-1	1	67		154
10	10	9/16	9/16	4/4	1	1	1/16		1/16	1		-1	65		155
10	10	5/8	5/8	4/4	1	1	1/16		1/16	1		1	67		156
10	10	11/16	11/16	4/4	1	1	1/16		1/16	1		3	69		157
10	10	3/4	3/4	4/4	1	1	1/16		1/16	1		2	74		158
10	10	13/16	13/16	4/4	1	1	1/16		1/16	1		3	69		159
10	10	7/8	7/8	4/4	1	1	1/16		1/16	1		1	67		160
10	10	15/16	15/16	4/4	1	1	1/16		1/16	1		-1	65		161
11	11	0	0	4/4	2	1	1/8		1/8	1		-2	34		172
11	11	0	0	4/4	2	1	1/8		1/8	1		-2	46		172
11	11	1/8	1/8	4/4	2	1	1/8		1/8	1		-1	53		173
11	11	1/4	1/4	4/4	2	1	1/4		1/4	1	1	2	62		174
11	11	1/4	1/4	4/4	2	1	1/4		1/4	1	1	-1	65		174
11	11	1/4	1/4	4/4	1	1	1/4		1/4	1	1	2	74		165
11	11	1/4	1/4	4/4	1	1	1/4		1/4	1	1	-1	77		165
11	11	1/2	1/2	4/4	2	1	1/8		1/8	1	-1	2	62		175
11	11	1/2	1/2	4/4	2	1	1/8		1/8	1	-1	-1	65		175
11	11	1/2	1/2	4/4	1	1	1/8		1/8	1	-1	2	74		166
11	11	1/2	1/2	4/4	1	1	1/8		1/8	1	-1	-1	77		166
11	11	5/8	5/8	4/4	2	1	1/16		1/16	1		4	64		176
11	11	5/8	5/8	4/4	2	1	1/16		1/16	1		1	67		176
11	11	5/8	5/8	4/4	1	1	1/16		1/16	1		0	72		167
11	11	5/8	5/8	4/4	1	1	1/16		1/16	1		4	76		167
11	11	11/16	11/16	4/4	2	1	1/16		1/16	1		-1	65		177
11	11	11/16	11/16	4/4	2	1	1/16		1/16	1		3	69		177
11	11	11/16	11/16	4/4	1	1	1/16		1/16	1		2	74		168
11	11	11/16	11/16	4/4	1	1	1/16		1/16	1		-1	77		168
11	11	3/4	3/4	4/4	2	1	1/8		1/8	1		4	64		178
11	11	3/4	3/4	4/4	2	1	1/8		1/8	1		1	67		178
11	11	3/4	3/4	4/4	1	1	1/8		1/8	1		0	72		169
11	11	3/4	3/4	4/4	1	1	1/8		1/8	1		4	76		169
11	11	7/8	7/8	4/4	2	1	1/16		1/16	1		2	62		179
11	11	7/8	7/8	4/4	2	1	1/16		1/16	1		-1	65		179
11	11	7/8	7/8	4/4	1	1	1/16		1/16	1		-2	70		170
11	11	7/8	7/8	4/4	1	1	1/16		1/16	1		2	74		170
11	11	15/16	15/16	4/4	2	1	1/16		1/16	1		4	64		180
11	11	15/16	15/16	4/4	2	1	1/16		1/16	1		1	67		180
11	11	15/16	15/16	4/4	1	1	1/16		1/16	1		0	72		171
11	11	15/16	15/16	4/4	1	1	1/16		1/16	1		4	76		171
12	12	0	0	4/4	2	1	1/8		1/8	1		2	62		189
12	12	0	0	4/4	2	1	1/8		1/8	1		-1	65		189
12	12	0	0	4/4	1	1	1/8		1/8	1		-2	70		181
12	12	0	0	4/4	1	1	1/8		1/8	1		2	74		181
12	12	1/8	1/8	4/4	2	1	1/8		1/8	1		0	60		190
12	12	1/8	1/8	4/4	2	1	1/8		1/8	1		4	64		190
12	12	1/8	1/8	4/4	1	1	1/8		1/8	1		1	67		182
12	12	1/8	1/8	4/4	1	1	1/8		1/8	1		0	72		182
12	12	1/4	1/4	4/4	2	1	1/8		1/8	1		0	60		191
12	12	1/4	1/4	4/4	2	1	1/8		1/8	1		4	64		191
12	12	1/4	1/4	4/4	1	1	1/8		1/8	1		1	67		183
12	12	1/4	1/4	4/4	1	1	1/8		1/8	1		0	72		183
12	12	3/8	3/8	4/4	2	1	1/8		1/8	1		-2	58		192
12	12	3/8	3/8	4/4	2	1	1/8		1/8	1		-1	65		192
12	12	3/8	3/8	4/4	1	1	1/8		1/8	1		-2	70		184
12	12	3/8	3/8	4/4	1	1	1/8		1/8	1		2	74		184
12	12	1/2	1/2	4/4	2	1	1/8		1/8	1		3	57		193
12	12	1/2	1/2	4/4	2	1	1/8		1/8	1		0	60		193
12	12	1/2	1/2	4/4	2	1	1/8		1/8	1		4	64		193
12	12	1/2	1/2	4/4	1	1	1/8		1/8	1		3	69		185
12	12	1/2	1/2	4/4	1	1	1/8		1/8	1		0	72		185
12	12	1/2	1/2	4/4	1	1	1/8		1/8	1		4	76		185
12	12	5/8	5/8	4/4	2	1	1/8		1/8	1		1	55		194
12	12	5/8	5/8	4/4	2	1	1/8		1/8	1		-2	58		194
12	12	5/8	5/8	4/4	2	1	1/8		1/8	1		2	62		194
12	12	5/8	5/8	4/4	1	1	1/8		1/8	1		-2	70		186
12	12	5/8	5/8	4/4	1	1	1/8		1/8	1		2	74		186
12	12	5/8	5/8	4/4	1	1	1/8		1/8	1		1	79		186
12	12	3/4	3/4	4/4	2	1	1/8		1/8	1		1	55		195
12	12	3/4	3/4	4/4	2	1	1/8		1/8	1		-2	58		195
12	12	3/4	3/4	4/4	2	1	1/8		1/8	1		2	62		195
12	12	3/4	3/4	4/4	1	1	1/8		1/8	1		-2	70		187
12	12	3/4	3/4	4/4	1	1	1/8		1/8	1		2	74		187
12	12	3/4	3/4	4/4	1	1	1/8		1/8	1		1	79		187
12	12	7/8	7/8	4/4	2	1	1/8		1/8	1		-1	53		196
12	12	7/8	7/8	4/4	2	1	1/8		1/8	1		3	57		196
12	12	7/8	7/8	4/4	2	1	1/8		1/8	1		7	61		196
12	12	7/8	7/8	4/4	1	1	1/8		1/8	1		3	69		188
12	12	7/8	7/8	4/4	1	1	1/8		1/8	1		7	73		188
12	12	7/8	7/8	4/4	1	1	1/8		1/8	1		3	81		188
13	13	0	0	4/4	2	1	1/8		1/8	1		-2	34		204
13	13	0	0	4/4	2	1	1/8		1/8	1		-2	46		204
13	13	1/8	1/8	4/4	2	1	1/8		1/8	1		-1	53		205
13	13	1/4	1/4	4/4	2	1	1/4		1/4	1	1	2	62		206
13	13	1/4	1/4	4/4	2	1	1/4		1/4	1	1	-1	65		206
13	13	1/4	1/4	4/4	1	1	1/4		1/4	1	1	2	74		197
13	13	1/4	1/4	4/4	1	1	1/4		1/4	1	1	-1	77		197
13	13	1/2	1/2	4/4	2	1	1/8		1/8	1	-1	2	62		207
13	13	1/2	1/2	4/4	2	1	1/8		1/8	1	-1	-1	65		207
13	13	1/2	1/2	4/4	1	1	1/8		1/8	1	-1	2	74		198
13	13	1/2	1/2	4/4	1	1	1/8		1/8	1	-1	-1	77		198
13	13	5/8	5/8	4/4	2	1	1/16		1/16	1		4	64		208
13	13	5/8	5/8	4/4	2	1	1/16		1/16	1		1	67		208
13	13	5/8	5/8	4/4	1	1	1/16		1/16	1		0	72		199
13	13	5/8	5/8	4/4	1	1	1/16		1/16	1		4	76		199
13	13	11/16	11/16	4/4	2	1	1/16		1/16	1		-1	65		209
13	13	11/16	11/16	4/4	2	1	1/16		1/16	1		3	69		209
13	13	11/16	11/16	4/4	1	1	1/16		1/16	1		2	74		200
13	13	11/16	11/16	4/4	1	1	1/16		1/16	1		-1	77		200
13	13	3/4	3/4	4/4	2	1	1/8		1/8	1		4	64		210
13	13	3/4	3/4	4/4	2	1	1/8		1/8	1		1	67		210
13	13	3/4	3/4	4/4	1	1	1/8		1/8	1		0	72		201
13	13	3/4	3/4	4/4	1	1	1/8		1/8	1		4	76		201
13	13	7/8	7/8	4/4	2	1	1/16		1/16	1		2	62		211
13	13	7/8	7/8	4/4	2	1	1/16		1/16	1		-1	65		211
13	13	7/8	7/8	4/4	1	1	1/16		1/16	1		-2	70		202
13	13	7/8	7/8	4/4	1	1	1/16		1/16	1		2	74		202
13	13	15/16	15/16	4/4	2	1	1/16		1/16	1		4	64		212
13	13	15/16	15/16	4/4	2	1	1/16		1/16	1		1	67		212
13	13	15/16	15/16	4/4	1	1	1/16		1/16	1		0	72		203
13	13	15/16	15/16	4/4	1	1	1/16		1/16	1		4	76		203
14	14	0	0	4/4	2	1	1/8		1/8	1		2	62		221
14	14	0	0	4/4	2	1	1/8		1/8	1		-1	65		221
14	14	0	0	4/4	1	1	1/8		1/8	1		-2	70		213
14	14	0	0	4/4	1	1	1/8		1/8	1		2	74		213
14	14	1/8	1/8	4/4	2	1	1/8		1/8	1		0	60		222
14	14	1/8	1/8	4/4	2	1	1/8		1/8	1		4	64		222
14	14	1/8	1/8	4/4	1	1	1/8		1/8	1		1	67		214
14	14	1/8	1/8	4/4	1	1	1/8		1/8	1		0	72		214
14	14	1/4	1/4	4/4	2	1	1/8		1/8	1		0	60		223
14	14	1/4	1/4	4/4	2	1	1/8		1/8	1		4	64		223
14	14	1/4	1/4	4/4	1	1	1/8		1/8	1		1	67		215
14	14	1/4	1/4	4/4	1	1	1/8		1/8	1		0	72		215
14	14	3/8	3/8	4/4	2	1	1/8		1/8	1		-2	58		224
14	14	3/8	3/8	4/4	2	1	1/8		1/8	1		-1	65		224
14	14	3/8	3/8	4/4	1	1	1/8		1/8	1		-2	70		216
14	14	3/8	3/8	4/4	1	1	1/8		1/8	1		2	74		216
14	14	1/2	1/2	4/4	2	1	1/8		1/8	1		3	57		225
14	14	1/2	1/2	4/4	2	1	1/8		1/8	1		0	60		225
14	14	1/2	1/2	4/4	2	1	1/8		1/8	1		4	64		225
14	14	1/2	1/2	4/4	1	1	1/8		1/8	1		3	69		217
14	14	1/2	1/2	4/4	1	1	1/8		1/8	1		0	72		217
14	14	1/2	1/2	4/4	1	1	1/8		1/8	1		4	76		217
14	14	5/8	5/8	4/4	2	1	1/8		1/8	1		1	55		226
14	14	5/8	5/8	4/4	2	1	1/8		1/8	1		-2	58		226
14	14	5/8	5/8	4/4	2	1	1/8		1/8	1		2	62		226
14	14	5/8	5/8	4/4	1	1	1/8		1/8	1		-2	70		218
14	14	5/8	5/8	4/4	1	1	1/8		1/8	1		2	74		218
14	14	5/8	5/8	4/4	1	1	1/8		1/8	1		1	79		218
14	14	3/4	3/4	4/4	2	1	1/8		1/8	1		1	55		227
14	14	3/4	3/4	4/4	2	1	1/8		1/8	1		-2	58		227
14	14	3/4	3/4	4/4	2	1	1/8		1/8	1		2	62		227
14	14	3/4	3/4	4/4	1	1	1/8		1/8	1		-2	70		219
14	14	3/4	3/4	4/4	1	1	1/8		1/8	1		2	74		219
14	14	3/4	3/4	4/4	1	1	1/8		1/8	1		1	79		219
14	14	7/8	7/8	4/4	2	1	1/8		1/8	1		-1	53		228
14	14	7/8	7/8	4/4	2	1	1/8		1/8	1		3	57		228
14	14	7/8	7/8	4/4	2	1	1/8		1/8	1		7	61		228
14	14	7/8	7/8	4/4	1	1	1/8		1/8	1		3	69		220
14	14	7/8	7/8	4/4	1	1	1/8		1/8	1		7	73		220
14	14	7/8	7/8	4/4	1	1	1/8		1/8	1		3	81		220
15	15	0	0	4/4	2	1	1/8		1/8	1		1	31		242
15	15	0	0	4/4	2	1	1/8		1/8	1		1	43		242
15	15	1/8	1/8	4/4	2	1	1/8		1/8	1		-1	53		243
15	15	1/8	1/8	4/4	1	2	1/8		1/8	1	1	2	74		239
15	15	1/8	1/8	4/4	1	2	1/8		1/8	1	1	-1	77		239
15	15	1/8	1/8	4/4	1	1	1/8		1/8	1		0	84		229
15	15	1/4	1/4	4/4	2	1	1/8		1/8	1		1	55		244
15	15	1/4	1/4	4/4	1	2	1/4		1/4	1	-1	2	74		240
15	15	1/4	1/4	4/4	1	2	1/4		1/4	1	-1	-1	77		240
15	15	1/4	1/4	4/4	1	1	1/16		1/16	1		-2	82		230
15	15	5/16	5/16	4/4	1	1	1/16		1/16	1		3	81		231
15	15	3/8	3/8	4/4	2	1	1/8		1/8	1		-2	58		245
15	15	3/8	3/8	4/4	1	1	1/8		1/8	1	1	1	79		232
15	15	1/2	1/2	4/4	2	1	1/8		1/8	1		2	62		246
15	15	1/2	1/2	4/4	1	1	1/16		1/16	1	-1	1	79		233
15	15	9/16	9/16	4/4	1	1	1/16		1/16	1		-1	77		234
15	15	5/8	5/8	4/4	2	1	1/8		1/8	1		-1	65		247
15	15	5/8	5/8	4/4	1	1	1/16		1/16	1		1	79		235
15	15	11/16	11/16	4/4	1	1	1/16		1/16	1		3	81		236
15	15	3/4	3/4	4/4	2	1	1/8		1/8	1		1	67		248
15	15	3/4	3/4	4/4	1	2	1/4		1/4	1		-2	70		241
15	15	3/4	3/4	4/4	1	1	1/8		1/8	1		4	76		237
15	15	7/8	7/8	4/4	2	1	1/8		1/8	1		-1	65		249
15	15	7/8	7/8	4/4	1	1	1/8		1/8	1		2	74		238
16	16	0	0	4/4	1	2	3/8		1/4	3/2		-1	65		260
16	16	1/8	1/8	4/4	2	1	1/8		1/8	1		4	64		263
16	16	1/8	1/8	4/4	1	1	1/8		1/8	1		0	72		250
16	16	1/4	1/4	4/4	2	1	1/16		1/16	1		2	62		264
16	16	1/4	1/4	4/4	1	1	1/16		1/16	1		-2	70		251
16	16	5/16	5/16	4/4	2	1	1/16		1/16	1		0	60		265
16	16	5/16	5/16	4/4	1	1	1/16		1/16	1		3	69		252
16	16	3/8	3/8	4/4	2	1	1/8		1/8	1		-2	58		266
16	16	3/8	3/8	4/4	1	2	1/4		1/4	1		2	62		261
16	16	3/8	3/8	4/4	1	1	1/16		1/16	1		1	67		253
16	16	7/16	7/16	4/4	1	1	1/16		1/16	1		-1	65		254
16	16	1/2	1/2	4/4	2	1	1/8		1/8	1		3	57		267
16	16	1/2	1/2	4/4	1	1	1/16		1/16	1		1	67		255
16	16	9/16	9/16	4/4	1	1	1/16		1/16	1		3	69		256
16	16	5/8	5/8	4/4	2	1	1/8		1/8	1		1	55		268
16	16	5/8	5/8	4/4	1	2	3/8		1/4	3/2		-2	58		262
16	16	5/8	5/8	4/4	1	1	1/8		1/8	1		4	64		257
16	16	3/4	3/4	4/4	2	1	1/8		1/8	1		-1	53		269
16	16	3/4	3/4	4/4	1	1	1/8		1/8	1		2	62		258
16	16	7/8	7/8	4/4	2	1	1/8		1/8	1		2	50		270
16	16	7/8	7/8	4/4	1	1	1/8		1/8	1		-1	65		259
17	17	1/8	1/8	4/4	2	1	1/8		1/8	1		3	33		282
17	17	1/8	1/8	4/4	2	1	1/8		1/8	1		3	45		282
17	17	1/8	1/8	4/4	1	1	1/8		1/8	1		4	52		271
17	17	1/8	1/8	4/4	1	1	1/8		1/8	1		3	57		271
17	17	1/8	1/8	4/4	1	1	1/8		1/8	1		0	60		271
17	17	1/4	1/4	4/4	2	1	1/8		1/8	1		-2	34		283
17	17	1/4	1/4	4/4	2	1	1/8		1/8	1		-2	46		283
17	17	1/4	1/4	4/4	1	1	1/8		1/8	1		2	50		272
17	17	1/4	1/4	4/4	1	1	1/8		1/8	1		-1	53		272
17	17	1/4	1/4	4/4	1	1	1/8		1/8	1		3	57		272
17	17	3/8	3/8	4/4	2	1	1/8		1/8	1		0	36		284
17	17	3/8	3/8	4/4	2	1	1/8		1/8	1		0	48		284
17	17	3/8	3/8	4/4	1	1	1/8		1/8	1		4	52		273
17	17	3/8	3/8	4/4	1	1	1/8		1/8	1		1	55		273
17	17	3/8	3/8	4/4	1	1	1/8		1/8	1		0	60		273
17	17	5/8	5/8	4/4	2	1	1/8		1/8	1		3	45		285
17	17	5/8	5/8	4/4	2	1	1/8		1/8	1		4	52		285
17	17	5/8	5/8	4/4	1	2	1/8		1/8	1		3	57		279
17	17	5/8	5/8	4/4	1	1	1/24		1/16	2/3		0	60		274
17	17	2/3	2/3	4/4	1	1	1/24		1/16	2/3		2	62		275
17	17	17/24	17/24	4/4	1	1	1/24		1/16	2/3		0	60		276
17	17	3/4	3/4	4/4	2	1	1/8		1/8	1		2	50		286
17	17	3/4	3/4	4/4	1	2	1/8		1/8	1		-1	53		280
17	17	3/4	3/4	4/4	1	1	1/8		1/8	1		3	57		277
17	17	7/8	7/8	4/4	2	1	1/8		1/8	1		0	48		287
17	17	7/8	7/8	4/4	2	1	1/8		1/8	1		4	52		287
17	17	7/8	7/8	4/4	1	2	1/8		1/8	1		1	55		281
17	17	7/8	7/8	4/4	1	1	1/8		1/8	1		0	60		278
18	18	0	0	4/4	2	1	1/8		1/8	1		-2	46		301
18	18	0	0	4/4	2	1	1/8		1/8	1		-1	53		301
18	18	0	0	4/4	1	2	1/8		1/8	1		-2	58		297
18	18	0	0	4/4	1	1	1/8		1/8	1		2	62		288
18	18	1/8	1/8	4/4	2	1	1/8		1/8	1		3	45		302
18	18	1/8	1/8	4/4	2	1	1/8		1/8	1		3	57		302
18	18	1/8	1/8	4/4	1	2	1/8		1/8	1		0	60		298
18	18	1/8	1/8	4/4	1	1	1/8		1/8	1		-1	65		289
18	18	1/4	1/4	4/4	2	1	1/2		1/2	1		1	43		303
18	18	1/4	1/4	4/4	2	1	1/2		1/2	1		2	50		303
18	18	1/4	1/4	4/4	2	1	1/2		1/2	1		-2	58		303
18	18	1/4	1/4	4/4	1	2	1/2		1/2	1		2	62		299
18	18	1/4	1/4	4/4	1	1	1/4		1/4	1	1	1	67		290
18	18	1/2	1/2	4/4	1	1	1/8		1/8	1	-1	1	67		291
18	18	5/8	5/8	4/4	1	1	1/24		1/16	2/3		1	67		292
18	18	2/3	2/3	4/4	1	1	1/24		1/16	2/3		3	69		293
18	18	17/24	17/24	4/4	1	1	1/24		1/16	2/3		1	67		294
18	18	3/4	3/4	4/4	2	1	1/4		1/4	1		0	48		304
18	18	3/4	3/4	4/4	2	1	1/4		1/4	1		-2	58		304
18	18	3/4	3/4	4/4	1	2	1/4		1/4	1		2	62		300
18	18	3/4	3/4	4/4	1	1	1/8		1/8	1		-1	65		295
18	18	7/8	7/8	4/4	1	1	1/8		1/8	1		4	64		296
19	19	0	0	4/4	2	2	1		1	1		-1	29		317
19	19	0	0	4/4	2	1	1/8		1/8	1		-1	41		311
19	19	0	0	4/4	1	2	1/4		1/4	1		-2	58		307
19	19	0	0	4/4	1	2	1/4		1/4	1		2	62		307
19	19	0	0	4/4	1	1	1/2		1/2	1	1	-1	65		305
19	19	1/8	1/8	4/4	2	1	1/4		1/4	1		0	48		312
19	19	1/4	1/4	4/4	1	2	1/8		1/8	1		3	57		308
19	19	1/4	1/4	4/4	1	2	1/8		1/8	1		0	60		308
19	19	3/8	3/8	4/4	2	1	1/8		1/8	1	1	-1	53		313
19	19	3/8	3/8	4/4	1	2	1/8		1/8	1		1	55		309
19	19	3/8	3/8	4/4	1	2	1/8		1/8	1		-2	58		309
19	19	1/2	1/2	4/4	2	1	1/8		1/8	1	-1	-1	53		314
19	19	1/2	1/2	4/4	1	2	1/2		1/2	1		3	57		310
19	19	1/2	1/2	4/4	1	2	1/2		1/2	1		0	60		310
19	19	1/2	1/2	4/4	1	1	1/4		1/4	1	-1	-1	65		306
19	19	5/8	5/8	4/4	2	1	1/4		1/4	1		0	60		315
19	19	7/8	7/8	4/4	2	1	1/8		1/8	1		-1	65		316
20	20	0	0	4/4	2	1	3/4		1/2	3/2		3	57		329
20	20	0	0	4/4	2	1	3/4		1/2	3/2		4	64		329
20	20	0	0	4/4	2	1	3/4		1/2	3/2		0	72		329
20	20	0	0	4/4	1	2	3/4		1/2	3/2		4	76		327
20	20	0	0	4/4	1	1	1/8		1/8	1		4	88		318
20	20	1/8	1/8	4/4	1	1	1/4		1/4	1		5	83		319
20	20	3/8	3/8	4/4	1	1	1/8		1/8	1	1	3	81		320
20	20	1/2	1/2	4/4	1	1	1/8		1/8	1	-1	3	81		321
20	20	5/8	5/8	4/4	1	1	1/8		1/8	1		4	76		322
20	20	3/4	3/4	4/4	2	1	1/8		1/8	1		2	50		330
20	20	3/4	3/4	4/4	2	1	1/8		1/8	1		3	57		330
20	20	3/4	3/4	4/4	1	2	1/8		1/8	1		-1	65		328
20	20	3/4	3/4	4/4	1	1	1/32		1/32	1		5	71		323
20	20	25/32	25/32	4/4	1	1	1/32		1/32	1		3	69		324
20	20	13/16	13/16	4/4	1	1	1/32		1/32	1		5	71		325
20	20	27/32	27/32	4/4	1	1	1/32		1/32	1		2	74		326
20	20	7/8	7/8	4/4	2	1	1/8		1/8	1		-1	77		331
20	20	7/8	7/8	4/4	2	1	1/8		1/8	1		3	81		331
20	20	7/8	7/8	4/4	2	1	1/8		1/8	1		5	83		331
21	21	0	0	4/4	2	1	3/4		1/2	3/2		3	57		341
21	21	0	0	4/4	2	1	3/4		1/2	3/2		4	64		341
21	21	0	0	4/4	2	1	3/4		1/2	3/2		0	72		341
21	21	0	0	4/4	1	2	3/4		1/2	3/2		4	76		339
21	21	0	0	4/4	1	1	1/8		1/8	1		4	88		332
21	21	1/8	1/8	4/4	1	1	1/4		1/4	1		5	83		333
21	21	3/8	3/8	4/4	1	1	1/8		1/8	1	1	3	81		334
21	21	1/2	1/2	4/4	1	1	1/8		1/8	1	-1	3	81		335
21	21	5/8	5/8	4/4	1	1	1/8		1/8	1		4	76		336
21	21	3/4	3/4	4/4	2	1	1/4		1/4	1		2	50		342
21	21	3/4	3/4	4/4	2	1	1/4		1/4	1		0	60		342
21	21	3/4	3/4	4/4	1	2	1/4		1/4	1	1	-1	65		340
21	21	3/4	3/4	4/4	1	1	1/8		1/8	1		5	71		337
21	21	7/8	7/8	4/4	1	1	1/8		1/8	1	1	3	69		338
22	22	0	0	4/4	2	1	1/8		1/8	1		1	43		359
22	22	0	0	4/4	2	1	1/8		1/8	1		2	50		359
22	22	0	0	4/4	2	1	1/8		1/8	1		5	59		359
22	22	0	0	4/4	1	2	1/8		1/8	1	-1	-1	65		354
22	22	0	0	4/4	1	1	1/32		1/32	1	-1	3	69		343
22	22	1/32	1/32	4/4	1	1	1/32		1/32	1		5	71		344
22	22	1/16	1/16	4/4	1	1	1/32		1/32	1		3	69		345
22	22	3/32	3/32	4/4	1	1	1/32		1/32	1		1	67		346
22	22	1/8	1/8	4/4	2	1	1/8		1/8	1	1	0	48		360
22	22	1/8	1/8	4/4	2	1	1/8		1/8	1	1	1	55		360
22	22	1/8	1/8	4/4	1	2	1/8		1/8	1	1	0	60		355
22	22	1/8	1/8	4/4	1	1	1/8		1/8	1	1	4	64		347
22	22	1/4	1/4	4/4	2	1	1/8		1/8	1	-1	0	48		361
22	22	1/4	1/4	4/4	2	1	1/8		1/8	1	-1	1	55		361
22	22	1/4	1/4	4/4	1	2	1/8		1/8	1	-1	0	60		356
22	22	1/4	1/4	4/4	1	1	1/8		1/8	1	-1	4	64		348
22	22	3/8	3/8	4/4	2	1	1/8		1/8	1	1	-1	41		362
22	22	3/8	3/8	4/4	2	1	1/8		1/8	1	1	0	48		362
22	22	3/8	3/8	4/4	1	2	1/8		1/8	1	1	3	57		357
22	22	3/8	3/8	4/4	1	1	1/8		1/8	1	1	2	62		349
22	22	1/2	1/2	4/4	2	2	1/8		1/8	1	-1	-1	41		364
22	22	1/2	1/2	4/4	2	1	1/2		1/2	1	-1	0	48		363
22	22	1/2	1/2	4/4	1	2	1/2		1/2	1	-1	3	57		358
22	22	1/2	1/2	4/4	1	1	1/8		1/8	1	-1	2	62		350
22	22	5/8	5/8	4/4	2	2	1/8		1/8	1		4	40		365
22	22	5/8	5/8	4/4	1	1	1/8		1/8	1		4	64		351
22	22	3/4	3/4	4/4	2	2	1/4		1/4	1		2	38		366
22	22	3/4	3/4	4/4	1	1	1/8		1/8	1		-1	65		352
22	22	7/8	7/8	4/4	1	1	1/8		1/8	1		3	69		353
23	23	0	0	4/4	2	1	3/4		1/2	3/2	1	1	43		380
23	23	0	0	4/4	2	1	3/4		1/2	3/2	1	-1	53		380
23	23	0	0	4/4	1	2	1/2		1/2	1		5	59		377
23	23	0	0	4/4	1	1	1/8		1/8	1		4	64		367
23	23	1/8	1/8	4/4	1	1	1/16		1/16	1		2	62		368
23	23	3/16	3/16	4/4	1	1	1/16		1/16	1		4	64		369
23	23	1/4	1/4	4/4	1	1	1/8		1/8	1		2	62		370
23	23	3/8	3/8	4/4	1	1	1/8		1/8	1	1	4	64		371
23	23	1/2	1/2	4/4	1	2	3/8		1/4	3/2		3	57		378
23	23	1/2	1/2	4/4	1	1	1/8		1/8	1	-1	4	64		372
23	23	5/8	5/8	4/4	1	1	1/16		1/16	1		2	62		373
23	23	11/16	11/16	4/4	1	1	1/16		1/16	1		4	64		374
23	23	3/4	3/4	4/4	2	1	1/8		1/8	1	-1	1	43		381
23	23	3/4	3/4	4/4	2	1	1/8		1/8	1	-1	-1	53		381
23	23	3/4	3/4	4/4	1	1	1/8		1/8	1		2	62		375
23	23	7/8	7/8	4/4	2	1	1/8		1/8	1		4	40		382
23	23	7/8	7/8	4/4	2	1	1/8		1/8	1		5	47		382
23	23	7/8	7/8	4/4	2	1	1/8		1/8	1		4	52		382
23	23	7/8	7/8	4/4	1	2	1/8		1/8	1		1	55		379
23	23	7/8	7/8	4/4	1	2	1/8		1/8	1		5	59		379
23	23	7/8	7/8	4/4	1	1	1/8		1/8	1		4	64		376
24	24	0	0	4/4	2	1	3/4		1/2	3/2		3	57		394
24	24	0	0	4/4	2	1	3/4		1/2	3/2		4	64		394
24	24	0	0	4/4	2	1	3/4		1/2	3/2		0	72		394
24	24	0	0	4/4	1	2	3/4		1/2	3/2		4	76		392
24	24	0	0	4/4	1	1	1/8		1/8	1		4	88		383
24	24	1/8	1/8	4/4	1	1	1/4		1/4	1		5	83		384
24	24	3/8	3/8	4/4	1	1	1/8		1/8	1	1	3	81		385
24	24	1/2	1/2	4/4	1	1	1/8		1/8	1	-1	3	81		386
24	24	5/8	5/8	4/4	1	1	1/8		1/8	1		4	76		387
24	24	3/4	3/4	4/4	2	1	1/8		1/8	1		2	50		395
24	24	3/4	3/4	4/4	2	1	1/8		1/8	1		3	57		395
24	24	3/4	3/4	4/4	1	2	1/8		1/8	1		-1	65		393
24	24	3/4	3/4	4/4	1	1	1/32		1/32	1		5	71		388
24	24	25/32	25/32	4/4	1	1	1/32		1/32	1		3	69		389
24	24	13/16	13/16	4/4	1	1	1/32		1/32	1		5	71		390
24	24	27/32	27/32	4/4	1	1	1/32		1/32	1		2	74		391
24	24	7/8	7/8	4/4	2	1	1/8		1/8	1		-1	77		396
24	24	7/8	7/8	4/4	2	1	1/8		1/8	1		3	81		396
24	24	7/8	7/8	4/4	2	1	1/8		1/8	1		5	83		396
25	25	0	0	4/4	2	1	1/2		1/2	1		3	57		405
25	25	0	0	4/4	2	1	1/2		1/2	1		4	64		405
25	25	0	0	4/4	2	1	1/2		1/2	1		0	72		405
25	25	0	0	4/4	1	2	1/2		1/2	1		4	76		403
25	25	0	0	4/4	1	1	1/8		1/8	1		4	88		397
25	25	1/8	1/8	4/4	1	1	1/4		1/4	1		5	83		398
25	25	3/8	3/8	4/4	1	1	1/8		1/8	1		3	81		399
25	25	1/2	1/2	4/4	2	1	1/2		1/2	1		2	62		406
25	25	1/2	1/2	4/4	2	1	1/2		1/2	1		3	69		406
25	25	1/2	1/2	4/4	2	1	1/2		1/2	1		-1	77		406
25	25	1/2	1/2	4/4	1	2	1/2		1/2	1		3	81		404
25	25	1/2	1/2	4/4	1	1	1/8		1/8	1		3	93		400
25	25	5/8	5/8	4/4	1	1	1/4		1/4	1		4	88		401
25	25	7/8	7/8	4/4	1	1	1/8		1/8	1		2	86		402
26	26	0	0	4/4	2	1	1/2		1/2	1		1	55		424
26	26	0	0	4/4	2	1	1/2		1/2	1		-1	65		424
26	26	0	0	4/4	1	2	1/8		1/8	1		5	71		422
26	26	0	0	4/4	1	1	1/32		1/32	1		2	74		407
26	26	1/32	1/32	4/4	1	1	1/32		1/32	1		4	76		408
26	26	1/16	1/16	4/4	1	1	1/32		1/32	1		-1	77		409
26	26	3/32	3/32	4/4	1	1	1/32		1/32	1		3	81		410
26	26	1/8	1/8	4/4	1	1	1/4		1/4	1		2	86		411
26	26	3/8	3/8	4/4	1	1	1/8		1/8	1		4	88		412
26	26	1/2	1/2	4/4	2	1	1/2		1/2	1		0	48		425
26	26	1/2	1/2	4/4	2	1	1/2		1/2	1		1	55		425
26	26	1/2	1/2	4/4	2	1	1/2		1/2	1		4	64		425
26	26	1/2	1/2	4/4	1	2	1/8		1/8	1		1	67		423
26	26	1/2	1/2	4/4	1	1	1/32		1/32	1		3	69		413
26	26	17/32	17/32	4/4	1	1	1/32		1/32	1		0	72		414
26	26	9/16	9/16	4/4	1	1	1/32		1/32	1		2	74		415
26	26	19/32	19/32	4/4	1	1	1/32		1/32	1		1	79		416
26	26	5/8	5/8	4/4	1	1	1/8		1/8	1	1	3	81		417
26	26	3/4	3/4	4/4	1	1	1/16		1/16	1	-1	3	81		418
26	26	13/16	13/16	4/4	1	1	1/16		1/16	1		1	79		419
26	26	7/8	7/8	4/4	1	1	1/16		1/16	1		3	81		420
26	26	15/16	15/16	4/4	1	1	1/16		1/16	1		0	84		421
27	27	0	0	4/4	2	1	1/2		1/2	1		1	55		443
27	27	0	0	4/4	2	1	1/2		1/2	1		-1	65		443
27	27	0	0	4/4	1	2	1/8		1/8	1		5	71		441
27	27	0	0	4/4	1	1	1/32		1/32	1		2	74		426
27	27	1/32	1/32	4/4	1	1	1/32		1/32	1		4	76		427
27	27	1/16	1/16	4/4	1	1	1/32		1/32	1		-1	77		428
27	27	3/32	3/32	4/4	1	1	1/32		1/32	1		3	81		429
27	27	1/8	1/8	4/4	1	1	1/4		1/4	1		2	86		430
27	27	3/8	3/8	4/4	1	1	1/8		1/8	1		4	88		431
27	27	1/2	1/2	4/4	2	1	1/2		1/2	1		0	48		444
27	27	1/2	1/2	4/4	2	1	1/2		1/2	1		1	55		444
27	27	1/2	1/2	4/4	2	1	1/2		1/2	1		4	64		444
27	27	1/2	1/2	4/4	1	2	1/8		1/8	1		1	67		442
27	27	1/2	1/2	4/4	1	1	1/32		1/32	1		3	69		432
27	27	17/32	17/32	4/4	1	1	1/32		1/32	1		0	72		433
27	27	9/16	9/16	4/4	1	1	1/32		1/32	1		2	74		434
27	27	19/32	19/32	4/4	1	1	1/32		1/32	1		1	79		435
27	27	5/8	5/8	4/4	1	1	1/8		1/8	1	1	3	81		436
27	27	3/4	3/4	4/4	1	1	1/16		1/16	1	-1	3	81		437
27	27	13/16	13/16	4/4	1	1	1/16		1/16	1		5	83		438
27	27	7/8	7/8	4/4	1	1	1/16		1/16	1		3	81		439
27	27	15/16	15/16	4/4	1	1	1/16		1/16	1		1	79		440
28	28	0	0	4/4	2	1	1/2		1/2	1		6	42		462
28	28	0	0	4/4	2	1	1/2		1/2	1		5	47		462
28	28	0	0	4/4	2	1	1/2		1/2	1		3	57		462
28	28	0	0	4/4	1	2	1/8		1/8	1		5	59		460
28	28	0	0	4/4	1	1	1/32		1/32	1		7	61		445
28	28	1/32	1/32	4/4	1	1	1/32		1/32	1		9	63		446
28	28	1/16	1/16	4/4	1	1	1/32		1/32	1		6	66		447
28	28	3/32	3/32	4/4	1	1	1/32		1/32	1		3	69		448
28	28	1/8	1/8	4/4	1	1	1/4		1/4	1		7	73		449
28	28	3/8	3/8	4/4	1	1	1/8		1/8	1		9	75		450
28	28	1/2	1/2	4/4	2	1	1/2		1/2	1		4	40		463
28	28	1/2	1/2	4/4	2	1	1/2		1/2	1		5	47		463
28	28	1/2	1/2	4/4	2	1	1/2		1/2	1		8	56		463
28	28	1/2	1/2	4/4	1	2	1/8		1/8	1		5	59		461
28	28	1/2	1/2	4/4	1	1	1/32		1/32	1		7	61		451
28	28	17/32	17/32	4/4	1	1	1/32		1/32	1		9	63		452
28	28	9/16	9/16	4/4	1	1	1/32		1/32	1		4	64		453
28	28	19/32	19/32	4/4	1	1	1/32		1/32	1		6	66		454
28	28	5/8	5/8	4/4	1	1	1/8		1/8	1	1	8	68		455
28	28	3/4	3/4	4/4	1	1	1/16		1/16	1	-1	8	68		456
28	28	13/16	13/16	4/4	1	1	1/16		1/16	1		5	71		457
28	28	7/8	7/8	4/4	1	1	1/16		1/16	1		8	68		458
28	28	15/16	15/16	4/4	1	1	1/16		1/16	1		5	71		459
29	29	0	0	4/4	2	1	1/2		1/2	1		6	42		484
29	29	0	0	4/4	2	1	1/2		1/2	1		5	47		484
29	29	0	0	4/4	2	1	1/2		1/2	1		3	57		484
29	29	0	0	4/4	1	2	1/8		1/8	1		5	59		482
29	29	0	0	4/4	1	1	1/32		1/32	1		7	61		464
29	29	1/32	1/32	4/4	1	1	1/32		1/32	1		9	63		465
29	29	1/16	1/16	4/4	1	1	1/32		1/32	1		6	66		466
29	29	3/32	3/32	4/4	1	1	1/32		1/32	1		3	69		467
29	29	1/8	1/8	4/4	1	1	1/8		1/8	1	1	7	73		468
29	29	1/4	1/4	4/4	1	1	1/16		1/16	1	-1	7	73		469
29	29	5/16	5/16	4/4	1	1	1/16		1/16	1		9	75		470
29	29	3/8	3/8	4/4	1	1	1/16		1/16	1		7	73		471
29	29	7/16	7/16	4/4	1	1	1/16		1/16	1		9	75		472
29	29	1/2	1/2	4/4	2	1	1/2		1/2	1		4	52		485
29	29	1/2	1/2	4/4	2	1	1/2		1/2	1		5	59		485
29	29	1/2	1/2	4/4	2	1	1/2		1/2	1		8	68		485
29	29	1/2	1/2	4/4	1	2	1/8		1/8	1		5	71		483
29	29	1/2	1/2	4/4	1	1	1/32		1/32	1		7	73		473
29	29	17/32	17/32	4/4	1	1	1/32		1/32	1		9	75		474
29	29	9/16	9/16	4/4	1	1	1/32		1/32	1		4	76		475
29	29	19/32	19/32	4/4	1	1	1/32		1/32	1		6	78		476
29	29	5/8	5/8	4/4	1	1	1/8		1/8	1	1	8	80		477
29	29	3/4	3/4	4/4	1	1	1/16		1/16	1	-1	8	80		478
29	29	13/16	13/16	4/4	1	1	1/16		1/16	1		5	83		479
29	29	7/8	7/8	4/4	1	1	1/16		1/16	1		8	80		480
29	29	15/16	15/16	4/4	1	1	1/16		1/16	1		5	83		481
30	30	0	0	4/4	2	1	1/4		1/4	1		2	62		507
30	30	0	0	4/4	2	1	1/4		1/4	1		3	69		507
30	30	0	0	4/4	1	2	1/4		1/4	1		-1	77		501
30	30	0	0	4/4	1	1	1/8		1/8	1		2	86		486
30	30	1/8	1/8	4/4	1	1	1/16		1/16	1		0	84		487
30	30	3/16	3/16	4/4	1	1	1/16		1/16	1		5	83		488
30	30	1/4	1/4	4/4	2	1	1/4		1/4	1		-1	65		508
30	30	1/4	1/4	4/4	2	1	1/4		1/4	1		5	71		508
30	30	1/4	1/4	4/4	1	2	1/4		1/4	1		2	74		502
30	30	1/4	1/4	4/4	1	1	1/16		1/16	1		3	81		489
30	30	5/16	5/16	4/4	1	1	1/16		1/16	1		1	79		490
30	30	3/8	3/8	4/4	1	1	1/16		1/16	1		3	81		491
30	30	7/16	7/16	4/4	1	1	1/16		1/16	1		5	83		492
30	30	1/2	1/2	4/4	2	2	1/4		1/4	1		0	60		513
30	30	1/2	1/2	4/4	2	1	1/8		1/8	1		1	67		509
30	30	1/2	1/2	4/4	1	2	1/8		1/8	1		5	71		503
30	30	1/2	1/2	4/4	1	1	1/16		1/16	1		4	76		493
30	30	9/16	9/16	4/4	1	1	1/16		1/16	1		-1	77		494
30	30	5/8	5/8	4/4	2	1	1/8		1/8	1	1	-1	65		510
30	30	5/8	5/8	4/4	1	2	1/8		1/8	1	1	3	69		504
30	30	5/8	5/8	4/4	1	1	1/16		1/16	1		1	79		495
30	30	11/16	11/16	4/4	1	1	1/16		1/16	1		3	81		496
30	30	3/4	3/4	4/4	2	2	1/4		1/4	1		5	59		514
30	30	3/4	3/4	4/4	2	1	1/8		1/8	1	-1	-1	65		511
30	30	3/4	3/4	4/4	1	2	1/8		1/8	1	-1	3	69		505
30	30	3/4	3/4	4/4	1	1	1/16		1/16	1		2	74		497
30	30	13/16	13/16	4/4	1	1	1/16		1/16	1		4	76		498
30	30	7/8	7/8	4/4	2	1	1/8		1/8	1	1	4	64		512
30	30	7/8	7/8	4/4	1	2	1/8		1/8	1	1	1	67		506
30	30	7/8	7/8	4/4	1	1	1/16		1/16	1		-1	77		499
30	30	15/16	15/16	4/4	1	1	1/16		1/16	1		1	79		500
31	31	0	0	4/4	2	2	1/4		1/4	1		3	57		540
31	31	0	0	4/4	2	1	1/8		1/8	1	-1	4	64		533
31	31	0	0	4/4	1	2	1/8		1/8	1	-1	1	67		525
31	31	0	0	4/4	1	1	1/16		1/16	1		0	72		515
31	31	1/16	1/16	4/4	1	1	1/16		1/16	1		2	74		516
31	31	1/8	1/8	4/4	2	1	1/8		1/8	1	1	2	62		534
31	31	1/8	1/8	4/4	1	2	1/8		1/8	1	1	-1	65		526
31	31	1/8	1/8	4/4	1	1	1/16		1/16	1		4	76		517
31	31	3/16	3/16	4/4	1	1	1/16		1/16	1		-1	77		518
31	31	1/4	1/4	4/4	2	2	1/8		1/8	1		3	57		541
31	31	1/4	1/4	4/4	2	1	1/4		1/4	1	-1	2	62		535
31	31	1/4	1/4	4/4	1	2	1/8		1/8	1	-1	-1	65		527
31	31	1/4	1/4	4/4	1	1	1/4		1/4	1	1	5	71		519
31	31	3/8	3/8	4/4	2	2	1/8		1/8	1		1	55		542
31	31	3/8	3/8	4/4	1	2	1/8		1/8	1		1	67		528
31	31	1/2	1/2	4/4	2	1	1/8		1/8	1		-1	53		536
31	31	1/2	1/2	4/4	2	1	1/8		1/8	1		2	62		536
31	31	1/2	1/2	4/4	1	2	1/8		1/8	1		3	69		529
31	31	1/2	1/2	4/4	1	1	1/16		1/16	1	-1	5	71		520
31	31	9/16	9/16	4/4	1	1	1/16		1/16	1		0	72		521
31	31	5/8	5/8	4/4	2	1	1/8		1/8	1		4	52		537
31	31	5/8	5/8	4/4	2	1	1/8		1/8	1		5	59		537
31	31	5/8	5/8	4/4	1	2	1/8		1/8	1		1	67		530
31	31	5/8	5/8	4/4	1	1	1/16		1/16	1		2	74		522
31	31	11/16	11/16	4/4	1	1	1/16		1/16	1		4	76		523
31	31	3/4	3/4	4/4	2	1	1/8		1/8	1		2	50		538
31	31	3/4	3/4	4/4	2	1	1/8		1/8	1		0	60		538
31	31	3/4	3/4	4/4	1	2	1/8		1/8	1		-1	65		531
31	31	3/4	3/4	4/4	1	1	1/4		1/4	1	1	3	69		524
31	31	7/8	7/8	4/4	2	1	1/8		1/8	1		0	48		539
31	31	7/8	7/8	4/4	2	1	1/8		1/8	1		4	52		539
31	31	7/8	7/8	4/4	1	2	1/8		1/8	1		4	64		532
32	32	0	0	4/4	2	1	1		1	1		5	47		556
32	32	0	0	4/4	2	1	1		1	1		6	54		556
32	32	0	0	4/4	1	2	1		1	1		9	63		555
32	32	0	0	4/4	1	1	1/8		1/8	1	-1	3	69		543
32	32	1/8	1/8	4/4	1	1	1/16		1/16	1		5	71		544
32	32	3/16	3/16	4/4	1	1	1/16		1/16	1		3	69		545
32	32	1/4	1/4	4/4	1	1	1/16		1/16	1		8	68		546
32	32	5/16	5/16	4/4	1	1	1/16		1/16	1		3	69		547
32	32	3/8	3/8	4/4	1	1	1/16		1/16	1		6	66		548
32	32	7/16	7/16	4/4	1	1	1/16		1/16	1		8	68		549
32	32	1/2	1/2	4/4	1	1	1/8		1/8	1		3	69		550
32	32	5/8	5/8	4/4	1	1	1/16		1/16	1		5	71		551
32	32	11/16	11/16	4/4	1	1	1/16		1/16	1		3	69		552
32	32	3/4	3/4	4/4	1	1	1/8		1/8	1		6	66		553
32	32	7/8	7/8	4/4	1	1	1/8		1/8	1		8	68		554
33	33	0	0	4/4	2	1	1		1	1	1	0	48		570
33	33	0	0	4/4	2	1	1		1	1	1	6	54		570
33	33	0	0	4/4	1	1	1		1	1		3	57		557
33	33	0	0	4/4	1	2	1/8		1/8	1		4	64		558
33	33	0	0	4/4	1	1	1		1	1		3	69		557
33	33	1/8	1/8	4/4	1	2	1/16		1/16	1		6	66		559
33	33	3/16	3/16	4/4	1	2	1/16		1/16	1		4	64		560
33	33	1/4	1/4	4/4	1	2	1/16		1/16	1		0	60		561
33	33	5/16	5/16	4/4	1	2	1/16		1/16	1		2	62		562
33	33	3/8	3/8	4/4	1	2	1/8		1/8	1	1	4	64		563
33	33	1/2	1/2	4/4	1	2	1/8		1/8	1	-1	4	64		564
33	33	5/8	5/8	4/4	1	2	1/16		1/16	1		6	66		565
33	33	11/16	11/16	4/4	1	2	1/16		1/16	1		4	64		566
33	33	3/4	3/4	4/4	1	2	1/16		1/16	1		0	60		567
33	33	13/16	13/16	4/4	1	2	1/16		1/16	1		2	62		568
33	33	7/8	7/8	4/4	1	2	1/8		1/8	1	1	4	64		569
34	34	0	0	4/4	2	1	1		1	1	-1	0	48		584
34	34	0	0	4/4	2	1	1		1	1	-1	6	54		584
34	34	0	0	4/4	1	2	1		1	1		3	57		583
34	34	0	0	4/4	1	1	1/8		1/8	1	-1	4	64		571
34	34	1/8	1/8	4/4	1	1	1/16		1/16	1		6	66		572
34	34	3/16	3/16	4/4	1	1	1/16		1/16	1		4	64		573
34	34	1/4	1/4	4/4	1	1	1/16		1/16	1		0	60		574
34	34	5/16	5/16	4/4	1	1	1/16		1/16	1		2	62		575
34	34	3/8	3/8	4/4	1	1	1/8		1/8	1	1	4	64		576
34	34	1/2	1/2	4/4	1	1	1/8		1/8	1	-1	4	64		577
34	34	5/8	5/8	4/4	1	1	1/16		1/16	1		6	66		578
34	34	11/16	11/16	4/4	1	1	1/16		1/16	1		4	64		579
34	34	3/4	3/4	4/4	1	1	1/16		1/16	1		0	60		580
34	34	13/16	13/16	4/4	1	1	1/16		1/16	1		2	62		581
34	34	7/8	7/8	4/4	1	1	1/8		1/8	1	1	4	64		582
35	35	0	0	4/4	2	1	1/8		1/8	1		5	47		601
35	35	0	0	4/4	2	1	1/8		1/8	1		8	56		601
35	35	0	0	4/4	1	2	1/8		1/8	1		2	62		600
35	35	0	0	4/4	1	1	1/8		1/8	1	-1	4	64		585
35	35	1/8	1/8	4/4	2	1	1/8		1/8	1		4	40		602
35	35	1/8	1/8	4/4	1	1	1/16		1/16	1		4	64		586
35	35	3/16	3/16	4/4	1	1	1/16		1/16	1		6	66		587
35	35	1/4	1/4	4/4	1	1	1/16		1/16	1		8	68		588
35	35	5/16	5/16	4/4	1	1	1/16		1/16	1		3	69		589
35	35	3/8	3/8	4/4	1	1	1/16		1/16	1		5	71		590
35	35	7/16	7/16	4/4	1	1	1/16		1/16	1		0	72		591
35	35	1/2	1/2	4/4	1	1	1/16		1/16	1		2	74		592
35	35	9/16	9/16	4/4	1	1	1/16		1/16	1		4	76		593
35	35	5/8	5/8	4/4	1	1	1/16		1/16	1		6	78		594
35	35	11/16	11/16	4/4	1	1	1/16		1/16	1		8	80		595
35	35	3/4	3/4	4/4	1	1	1/16		1/16	1		3	81		596
35	35	13/16	13/16	4/4	1	1	1/16		1/16	1		5	83		597
35	35	7/8	7/8	4/4	1	1	1/16		1/16	1		0	84		598
35	35	15/16	15/16	4/4	1	1	1/16		1/16	1		2	86		599
36	36	0	0	4/4	2	1	3/4		1/2	3/2		3	57		614
36	36	0	0	4/4	2	1	3/4		1/2	3/2		4	64		614
36	36	0	0	4/4	2	1	3/4		1/2	3/2		0	72		614
36	36	0	0	4/4	1	2	3/4		1/2	3/2		4	76		612
36	36	0	0	4/4	1	1	1/8		1/8	1		4	88		603
36	36	1/8	1/8	4/4	1	1	1/4		1/4	1		5	83		604
36	36	3/8	3/8	4/4	1	1	1/8		1/8	1	1	3	81		605
36	36	1/2	1/2	4/4	1	1	1/8		1/8	1	-1	3	81		606
36	36	5/8	5/8	4/4	1	1	1/8		1/8	1		4	76		607
36	36	3/4	3/4	4/4	2	1	1/8		1/8	1		2	50		615
36	36	3/4	3/4	4/4	2	1	1/8		1/8	1		3	57		615
36	36	3/4	3/4	4/4	1	2	1/8		1/8	1		-1	65		613
36	36	3/4	3/4	4/4	1	1	1/32		1/32	1		5	71		608
36	36	25/32	25/32	4/4	1	1	1/32		1/32	1		3	69		609
36	36	13/16	13/16	4/4	1	1	1/32		1/32	1		5	71		610
36	36	27/32	27/32	4/4	1	1	1/32		1/32	1		2	74		611
36	36	7/8	7/8	4/4	2	1	1/8		1/8	1		-1	77		616
36	36	7/8	7/8	4/4	2	1	1/8		1/8	1		3	81		616
36	36	7/8	7/8	4/4	2	1	1/8		1/8	1		5	83		616
37	37	0	0	4/4	2	1	3/4		1/2	3/2		3	57		626
37	37	0	0	4/4	2	1	3/4		1/2	3/2		4	64		626
37	37	0	0	4/4	2	1	3/4		1/2	3/2		0	72		626
37	37	0	0	4/4	1	2	3/4		1/2	3/2		4	76		624
37	37	0	0	4/4	1	1	1/8		1/8	1		4	88		617
37	37	1/8	1/8	4/4	1	1	1/4		1/4	1		5	83		618
37	37	3/8	3/8	4/4	1	1	1/8		1/8	1	1	3	81		619
37	37	1/2	1/2	4/4	1	1	1/8		1/8	1	-1	3	81		620
37	37	5/8	5/8	4/4	1	1	1/8		1/8	1		4	76		621
37	37	3/4	3/4	4/4	2	1	1/4		1/4	1		2	50		627
37	37	3/4	3/4	4/4	2	1	1/4		1/4	1		0	60		627
37	37	3/4	3/4	4/4	1	2	1/4		1/4	1		6	66		625
37	37	3/4	3/4	4/4	1	1	1/8		1/8	1		5	71		622
37	37	7/8	7/8	4/4	1	1	1/8		1/8	1	1	3	69		623
38	38	0	0	4/4	2	1	1/8		1/8	1		1	43		644
38	38	0	0	4/4	2	1	1/8		1/8	1		2	50		644
38	38	0	0	4/4	2	1	1/8		1/8	1		5	59		644
38	38	0	0	4/4	1	2	1/8		1/8	1		-1	65		639
38	38	0	0	4/4	1	1	1/32		1/32	1	-1	3	69		628
38	38	1/32	1/32	4/4	1	1	1/32		1/32	1		5	71		629
38	38	1/16	1/16	4/4	1	1	1/32		1/32	1		3	69		630
38	38	3/32	3/32	4/4	1	1	1/32		1/32	1		1	67		631
38	38	1/8	1/8	4/4	2	1	1/4		1/4	1		0	48		645
38	38	1/8	1/8	4/4	2	1	1/4		1/4	1		1	55		645
38	38	1/8	1/8	4/4	1	2	1/8		1/8	1	1	0	60		640
38	38	1/8	1/8	4/4	1	1	1/8		1/8	1	1	4	64		632
38	38	1/4	1/4	4/4	1	2	1/8		1/8	1	-1	0	60		641
38	38	1/4	1/4	4/4	1	1	1/8		1/8	1	-1	4	64		633
38	38	3/8	3/8	4/4	2	1	1/8		1/8	1	1	-1	41		646
38	38	3/8	3/8	4/4	2	1	1/8		1/8	1	1	0	48		646
38	38	3/8	3/8	4/4	1	2	1/8		1/8	1	1	3	57		642
38	38	3/8	3/8	4/4	1	1	1/8		1/8	1	1	2	62		634
38	38	1/2	1/2	4/4	2	2	1/8		1/8	1	-1	-1	41		648
38	38	1/2	1/2	4/4	2	1	1/2		1/2	1	-1	0	48		647
38	38	1/2	1/2	4/4	1	2	1/2		1/2	1	-1	3	57		643
38	38	1/2	1/2	4/4	1	1	1/8		1/8	1	-1	2	62		635
38	38	5/8	5/8	4/4	2	2	1/8		1/8	1		4	40		649
38	38	5/8	5/8	4/4	1	1	1/8		1/8	1		4	64		636
38	38	3/4	3/4	4/4	2	2	1/4		1/4	1		2	38		650
38	38	3/4	3/4	4/4	1	1	1/8		1/8	1		-1	65		637
38	38	7/8	7/8	4/4	1	1	1/8		1/8	1		3	69		638
39	39	0	0	4/4	2	2	3/4		1/2	3/2		1	43		666
39	39	0	0	4/4	2	1	3/4		1/2	3/2		-1	53		664
39	39	0	0	4/4	1	2	3/4		1/2	3/2		5	59		661
39	39	0	0	4/4	1	1	1/8		1/8	1		4	64		651
39	39	1/8	1/8	4/4	1	1	1/16		1/16	1		2	62		652
39	39	3/16	3/16	4/4	1	1	1/16		1/16	1		4	64		653
39	39	1/4	1/4	4/4	1	1	1/8		1/8	1		2	62		654
39	39	3/8	3/8	4/4	1	1	1/8		1/8	1	1	4	64		655
39	39	1/2	1/2	4/4	1	1	1/8		1/8	1	-1	4	64		656
39	39	5/8	5/8	4/4	1	1	1/16		1/16	1		2	62		657
39	39	11/16	11/16	4/4	1	1	1/16		1/16	1		4	64		658
39	39	3/4	3/4	4/4	2	2	1/8		1/8	1		-1	41		667
39	39	3/4	3/4	4/4	2	1	1/4		1/4	1		5	47		665
39	39	3/4	3/4	4/4	1	2	1/8		1/8	1		3	57		662
39	39	3/4	3/4	4/4	1	1	1/8		1/8	1		2	62		659
39	39	7/8	7/8	4/4	2	2	1/8		1/8	1		4	40		668
39	39	7/8	7/8	4/4	1	2	1/8		1/8	1		1	55		663
39	39	7/8	7/8	4/4	1	2	1/8		1/8	1		5	59		663
39	39	7/8	7/8	4/4	1	1	1/8		1/8	1		4	64		660
40	40	0	0	4/4	2	1	3/4		1/2	3/2		3	57		680
40	40	0	0	4/4	2	1	3/4		1/2	3/2		4	64		680
40	40	0	0	4/4	2	1	3/4		1/2	3/2		0	72		680
40	40	0	0	4/4	1	2	1/2		1/2	1		4	76		678
40	40	0	0	4/4	1	1	1/8		1/8	1		4	88		669
40	40	1/8	1/8	4/4	1	1	1/4		1/4	1		5	83		670
40	40	3/8	3/8	4/4	1	1	1/8		1/8	1	1	3	81		671
40	40	1/2	1/2	4/4	1	1	1/8		1/8	1	-1	3	81		672
40	40	5/8	5/8	4/4	1	1	1/8		1/8	1		4	76		673
40	40	3/4	3/4	4/4	2	1	1/8		1/8	1		2	50		681
40	40	3/4	3/4	4/4	2	1	1/8		1/8	1		3	57		681
40	40	3/4	3/4	4/4	1	2	1/8		1/8	1		-1	65		679
40	40	3/4	3/4	4/4	1	1	1/32		1/32	1		5	71		674
40	40	25/32	25/32	4/4	1	1	1/32		1/32	1		3	69		675
40	40	13/16	13/16	4/4	1	1	1/32		1/32	1		5	71		676
40	40	27/32	27/32	4/4	1	1	1/32		1/32	1		2	74		677
40	40	7/8	7/8	4/4	2	1	1/8		1/8	1		-1	77		682
40	40	7/8	7/8	4/4	2	1	1/8		1/8	1		3	81		682
40	40	7/8	7/8	4/4	2	1	1/8		1/8	1		5	83		682
41	41	0	0	4/4	2	1	1/2		1/2	1		3	57		691
41	41	0	0	4/4	2	1	1/2		1/2	1		4	64		691
41	41	0	0	4/4	2	1	1/2		1/2	1		0	72		691
41	41	0	0	4/4	1	2	1/2		1/2	1		4	76		689
41	41	0	0	4/4	1	1	1/8		1/8	1		4	88		683
41	41	1/8	1/8	4/4	1	1	1/4		1/4	1		5	83		684
41	41	3/8	3/8	4/4	1	1	1/8		1/8	1		3	81		685
41	41	1/2	1/2	4/4	2	1	1/2		1/2	1		3	45		692
41	41	1/2	1/2	4/4	2	1	1/2		1/2	1		4	52		692
41	41	1/2	1/2	4/4	2	1	1/2		1/2	1		7	61		692
41	41	1/2	1/2	4/4	1	2	1/2		1/2	1		4	64		690
41	41	1/2	1/2	4/4	1	1	1/8		1/8	1		4	76		686
41	41	5/8	5/8	4/4	1	1	1/4		1/4	1		5	71		687
41	41	7/8	7/8	4/4	1	1	1/8		1/8	1	1	3	69		688
42	42	0	0	4/4	2	1	1/8		1/8	1		-1	41		709
42	42	0	0	4/4	2	1	1/8		1/8	1		0	48		709
42	42	0	0	4/4	1	2	1/8		1/8	1		3	57		703
42	42	0	0	4/4	1	1	1/8		1/8	1	-1	3	69		693
42	42	1/8	1/8	4/4	2	1	3/8		1/4	3/2		1	43		710
42	42	1/8	1/8	4/4	2	1	3/8		1/4	3/2		-1	53		710
42	42	1/8	1/8	4/4	1	2	3/8		1/4	3/2		5	59		704
42	42	1/8	1/8	4/4	1	1	1/4		1/4	1		4	64		694
42	42	3/8	3/8	4/4	1	1	1/8		1/8	1		2	62		695
42	42	1/2	1/2	4/4	2	1	1/8		1/8	1		3	45		711
42	42	1/2	1/2	4/4	2	1	1/8		1/8	1		4	52		711
42	42	1/2	1/2	4/4	1	2	1/8		1/8	1		3	57		705
42	42	1/2	1/2	4/4	1	1	1/32		1/32	1		2	62		696
42	42	17/32	17/32	4/4	1	1	1/32		1/32	1		0	60		697
42	42	9/16	9/16	4/4	1	1	1/32		1/32	1		2	62		698
42	42	19/32	19/32	4/4	1	1	1/32		1/32	1		4	64		699
42	42	5/8	5/8	4/4	2	1	1/8		1/8	1	1	2	50		712
42	42	5/8	5/8	4/4	1	2	1/8		1/8	1	1	-1	53		706
42	42	5/8	5/8	4/4	1	1	1/8		1/8	1	1	3	57		700
42	42	3/4	3/4	4/4	2	1	1/8		1/8	1	-1	2	50		713
42	42	3/4	3/4	4/4	1	2	1/8		1/8	1	-1	-1	53		707
42	42	3/4	3/4	4/4	1	1	1/8		1/8	1	-1	3	57		701
42	42	7/8	7/8	4/4	1	2	1/8		1/8	1		4	52		708
42	42	7/8	7/8	4/4	2	1	1/8		1/8	1		1	55		714
42	42	7/8	7/8	4/4	1	1	1/8		1/8	1		5	59		702
43	43	1/8	1/8	4/4	2	1	1/8		1/8	1		3	45		719
43	43	1/8	1/8	4/4	2	1	1/8		1/8	1		0	48		719
43	43	1/8	1/8	4/4	1	1	1/8		1/8	1		4	52		715
43	43	1/8	1/8	4/4	1	1	1/8		1/8	1		3	57		715
43	43	3/8	3/8	4/4	2	1	1/8		1/8	1		1	43		720
43	43	3/8	3/8	4/4	2	1	1/8		1/8	1		5	47		720
43	43	3/8	3/8	4/4	1	1	1/8		1/8	1		2	50		716
43	43	3/8	3/8	4/4	1	1	1/8		1/8	1		-1	53		716
43	43	1/2	1/2	4/4	2	1	1/8		1/8	1		3	45		721
43	43	1/2	1/2	4/4	2	1	1/8		1/8	1		0	48		721
43	43	1/2	1/2	4/4	1	1	1/8		1/8	1		4	52		717
43	43	1/2	1/2	4/4	1	1	1/8		1/8	1		3	57		717
43	43	5/8	5/8	4/4	2	1	1/8		1/8	1		3	45		722
43	43	5/8	5/8	4/4	2	1	1/8		1/8	1		0	48		722
43	43	5/8	5/8	4/4	1	1	1/8		1/8	1		4	52		718
43	43	5/8	5/8	4/4	1	1	1/8		1/8	1		3	57		718
44	44	0	0	4/4	2	1	1/4		1/4	1		-2	34		732
44	44	0	0	4/4	2	1	1/4		1/4	1		-2	46		732
44	44	1/8	1/8	4/4	1	1	1/16		1/16	1		0	48		723
44	44	3/16	3/16	4/4	1	1	1/16		1/16	1		2	50		724
44	44	1/4	1/4	4/4	2	1	1/4		1/4	1		3	33		733
44	44	1/4	1/4	4/4	2	1	1/4		1/4	1		3	45		733
44	44	1/4	1/4	4/4	1	2	1/4		1/4	1	1	0	48		730
44	44	1/4	1/4	4/4	1	1	1/4		1/4	1	1	4	52		725
44	44	1/2	1/2	4/4	2	1	1/4		1/4	1		1	31		734
44	44	1/2	1/2	4/4	2	1	1/4		1/4	1		1	43		734
44	44	1/2	1/2	4/4	1	2	1/2		1/2	1	-1	0	48		731
44	44	1/2	1/2	4/4	1	1	1/8		1/8	1	-1	4	52		726
44	44	5/8	5/8	4/4	1	1	1/8		1/8	1		2	50		727
44	44	5/8	5/8	4/4	1	1	1/8		1/8	1		-1	53		727
44	44	3/4	3/4	4/4	2	1	1/4		1/4	1		-1	29		735
44	44	3/4	3/4	4/4	2	1	1/4		1/4	1		-1	41		735
44	44	3/4	3/4	4/4	1	1	1/8		1/8	1		4	52		728
44	44	3/4	3/4	4/4	1	1	1/8		1/8	1		1	55		728
44	44	7/8	7/8	4/4	1	1	1/8		1/8	1		-1	53		729
44	44	7/8	7/8	4/4	1	1	1/8		1/8	1		3	57		729
45	45	0	0	4/4	2	1	1/4		1/4	1		4	28		749
45	45	0	0	4/4	2	1	1/4		1/4	1		4	40		749
45	45	0	0	4/4	1	2	1/4		1/4	1		0	48		743
45	45	0	0	4/4	1	1	1/8		1/8	1		1	55		736
45	45	0	0	4/4	1	1	1/8		1/8	1		-2	58		736
45	45	1/8	1/8	4/4	1	1	1/8		1/8	1		3	57		737
45	45	1/8	1/8	4/4	1	1	1/8		1/8	1		0	60		737
45	45	1/4	1/4	4/4	2	1	1/4		1/4	1		2	26		750
45	45	1/4	1/4	4/4	2	1	1/4		1/4	1		2	38		750
45	45	1/4	1/4	4/4	1	2	1/8		1/8	1		-1	53		744
45	45	1/4	1/4	4/4	1	1	1/8		1/8	1		-2	58		738
45	45	1/4	1/4	4/4	1	1	1/8		1/8	1		2	62		738
45	45	3/8	3/8	4/4	1	2	1/8		1/8	1		3	57		745
45	45	3/8	3/8	4/4	1	1	1/8		1/8	1		0	60		739
45	45	3/8	3/8	4/4	1	1	1/8		1/8	1		-1	65		739
45	45	1/2	1/2	4/4	2	1	1/4		1/4	1		0	24		751
45	45	1/2	1/2	4/4	2	1	1/4		1/4	1		0	36		751
45	45	1/2	1/2	4/4	1	2	1/8		1/8	1		-2	58		746
45	45	1/2	1/2	4/4	1	1	1/8		1/8	1		2	62		740
45	45	1/2	1/2	4/4	1	1	1/8		1/8	1		1	67		740
45	45	5/8	5/8	4/4	1	2	1/4		1/4	1		3	57		747
45	45	5/8	5/8	4/4	1	1	1/4		1/4	1		0	60		741
45	45	5/8	5/8	4/4	1	1	1/4		1/4	1		-1	65		741
45	45	3/4	3/4	4/4	2	1	1/4		1/4	1		2	26		752
45	45	3/4	3/4	4/4	2	1	1/4		1/4	1		2	38		752
45	45	7/8	7/8	4/4	1	2	1/8		1/8	1		-1	53		748
45	45	7/8	7/8	4/4	1	1	1/8		1/8	1		-2	58		742
45	45	7/8	7/8	4/4	1	1	1/8		1/8	1		2	62		742
46	46	0	0	4/4	2	1	1/4		1/4	1		-2	34		762
46	46	0	0	4/4	2	1	1/4		1/4	1		-2	46		762
46	46	1/8	1/8	4/4	1	1	1/16		1/16	1		0	48		753
46	46	3/16	3/16	4/4	1	1	1/16		1/16	1		2	50		754
46	46	1/4	1/4	4/4	2	1	1/4		1/4	1		3	33		763
46	46	1/4	1/4	4/4	2	1	1/4		1/4	1		3	45		763
46	46	1/4	1/4	4/4	1	2	1/4		1/4	1	1	0	48		760
46	46	1/4	1/4	4/4	1	1	1/4		1/4	1	1	4	52		755
46	46	1/2	1/2	4/4	2	1	1/4		1/4	1		1	31		764
46	46	1/2	1/2	4/4	2	1	1/4		1/4	1		1	43		764
46	46	1/2	1/2	4/4	1	2	1/2		1/2	1	-1	0	48		761
46	46	1/2	1/2	4/4	1	1	1/8		1/8	1	-1	4	52		756
46	46	5/8	5/8	4/4	1	1	1/8		1/8	1		2	50		757
46	46	5/8	5/8	4/4	1	1	1/8		1/8	1		-1	53		757
46	46	3/4	3/4	4/4	2	1	1/4		1/4	1		-1	29		765
46	46	3/4	3/4	4/4	2	1	1/4		1/4	1		-1	41		765
46	46	3/4	3/4	4/4	1	1	1/8		1/8	1		4	52		758
46	46	3/4	3/4	4/4	1	1	1/8		1/8	1		1	55		758
46	46	7/8	7/8	4/4	1	1	1/8		1/8	1		-1	53		759
46	46	7/8	7/8	4/4	1	1	1/8		1/8	1		3	57		759
47	47	0	0	4/4	2	1	1/4		1/4	1		4	28		779
47	47	0	0	4/4	2	1	1/4		1/4	1		4	40		779
47	47	0	0	4/4	1	2	1/4		1/4	1		0	48		773
47	47	0	0	4/4	1	1	1/8		1/8	1		1	55		766
47	47	0	0	4/4	1	1	1/8		1/8	1		-2	58		766
47	47	1/8	1/8	4/4	1	1	1/8		1/8	1		3	57		767
47	47	1/8	1/8	4/4	1	1	1/8		1/8	1		0	60		767
47	47	1/4	1/4	4/4	2	1	1/4		1/4	1		2	26		780
47	47	1/4	1/4	4/4	2	1	1/4		1/4	1		2	38		780
47	47	1/4	1/4	4/4	1	2	1/8		1/8	1		-1	53		774
47	47	1/4	1/4	4/4	1	1	1/8		1/8	1		-2	58		768
47	47	1/4	1/4	4/4	1	1	1/8		1/8	1		2	62		768
47	47	3/8	3/8	4/4	1	2	1/8		1/8	1		3	57		775
47	47	3/8	3/8	4/4	1	1	1/8		1/8	1		0	60		769
47	47	3/8	3/8	4/4	1	1	1/8		1/8	1		-1	65		769
47	47	1/2	1/2	4/4	2	1	1/4		1/4	1		0	24		781
47	47	1/2	1/2	4/4	2	1	1/4		1/4	1		0	36		781
47	47	1/2	1/2	4/4	1	2	1/8		1/8	1		-2	58		776
47	47	1/2	1/2	4/4	1	1	1/8		1/8	1		2	62		770
47	47	1/2	1/2	4/4	1	1	1/8		1/8	1		1	67		770
47	47	5/8	5/8	4/4	1	2	1/4		1/4	1		3	57		777
47	47	5/8	5/8	4/4	1	1	1/4		1/4	1		0	60		771
47	47	5/8	5/8	4/4	1	1	1/4		1/4	1		-1	65		771
47	47	3/4	3/4	4/4	2	1	1/4		1/4	1		0	48		782
47	47	7/8	7/8	4/4	1	2	1/8		1/8	1		-2	58		778
47	47	7/8	7/8	4/4	1	1	1/8		1/8	1		2	62		772
47	47	7/8	7/8	4/4	1	1	1/8		1/8	1		1	67		772
48	48	0	0	4/4	2	2	1/4		1/4	1		-3	63		793
48	48	0	0	4/4	2	1	1		1	1		-3	63		792
48	48	1/8	1/8	4/4	1	1	1/16		1/16	1		-1	65		783
48	48	3/16	3/16	4/4	1	1	1/16		1/16	1		1	67		784
48	48	1/4	1/4	4/4	2	2	1/4		1/4	1		2	62		794
48	48	1/4	1/4	4/4	1	2	1/4		1/4	1	1	-1	65		790
48	48	1/4	1/4	4/4	1	1	1/4		1/4	1	1	3	69		785
48	48	1/2	1/2	4/4	2	2	1/4		1/4	1		0	60		795
48	48	1/2	1/2	4/4	1	2	1/2		1/2	1	-1	-1	65		791
48	48	1/2	1/2	4/4	1	1	1/8		1/8	1	-1	3	69		786
48	48	5/8	5/8	4/4	1	1	1/8		1/8	1		1	67		787
48	48	5/8	5/8	4/4	1	1	1/8		1/8	1		-2	70		787
48	48	3/4	3/4	4/4	2	2	1/4		1/4	1		-2	58		796
48	48	3/4	3/4	4/4	1	1	1/8		1/8	1		3	69		788
48	48	3/4	3/4	4/4	1	1	1/8		1/8	1		0	72		788
48	48	7/8	7/8	4/4	1	1	1/8		1/8	1		-2	70		789
48	48	7/8	7/8	4/4	1	1	1/8		1/8	1		2	74		789
49	49	0	0	4/4	2	1	1/4		1/4	1		3	57		809
49	49	0	0	4/4	2	1	1/4		1/4	1		0	60		809
49	49	0	0	4/4	2	1	1/4		1/4	1		-3	63		809
49	49	0	0	4/4	1	2	1/4		1/4	1		-1	65		805
49	49	0	0	4/4	1	1	1/8		1/8	1		0	72		797
49	49	0	0	4/4	1	1	1/8		1/8	1		-3	75		797
49	49	1/8	1/8	4/4	1	1	1/8		1/8	1		2	74		798
49	49	1/8	1/8	4/4	1	1	1/8		1/8	1		-1	77		798
49	49	1/4	1/4	4/4	2	1	1/4		1/4	1		1	55		810
49	49	1/4	1/4	4/4	2	1	1/4		1/4	1		0	60		810
49	49	1/4	1/4	4/4	2	1	1/4		1/4	1		-3	63		810
49	49	1/4	1/4	4/4	2	1	1/4		1/4	1		1	67		810
49	49	1/4	1/4	4/4	1	2	1/4		1/4	1		0	72		806
49	49	1/4	1/4	4/4	1	1	1/8		1/8	1		-3	75		799
49	49	1/4	1/4	4/4	1	1	1/8		1/8	1		1	79		799
49	49	3/8	3/8	4/4	1	1	1/8		1/8	1		1	79		800
49	49	3/8	3/8	4/4	1	1	1/8		1/8	1		-2	82		800
49	49	1/2	1/2	4/4	2	1	1/4		1/4	1		-1	53		811
49	49	1/2	1/2	4/4	2	1	1/4		1/4	1		0	60		811
49	49	1/2	1/2	4/4	2	1	1/4		1/4	1		-3	63		811
49	49	1/2	1/2	4/4	2	1	1/4		1/4	1		3	69		811
49	49	1/2	1/2	4/4	1	2	1/4		1/4	1		0	72		807
49	49	1/2	1/2	4/4	1	1	1/8		1/8	1		3	81		801
49	49	1/2	1/2	4/4	1	1	1/8		1/8	1		0	84		801
49	49	5/8	5/8	4/4	1	1	1/8		1/8	1		-1	77		802
49	49	5/8	5/8	4/4	1	1	1/8		1/8	1		3	81		802
49	49	3/4	3/4	4/4	2	1	1/4		1/4	1		1	55		812
49	49	3/4	3/4	4/4	2	1	1/4		1/4	1		0	60		812
49	49	3/4	3/4	4/4	2	1	1/4		1/4	1		-3	63		812
49	49	3/4	3/4	4/4	2	1	1/4		1/4	1		1	67		812
49	49	3/4	3/4	4/4	1	2	1/4		1/4	1		0	72		808
49	49	3/4	3/4	4/4	1	1	1/8		1/8	1		-3	75		803
49	49	3/4	3/4	4/4	1	1	1/8		1/8	1		1	79		803
49	49	7/8	7/8	4/4	1	1	1/8		1/8	1		0	72		804
49	49	7/8	7/8	4/4	1	1	1/8		1/8	1		-3	75		804
50	50	0	0	4/4	2	2	1/4		1/4	1		-3	63		823
50	50	0	0	4/4	2	1	1		1	1		-3	63		822
50	50	1/8	1/8	4/4	1	1	1/16		1/16	1		-1	65		813
50	50	3/16	3/16	4/4	1	1	1/16		1/16	1		1	67		814
50	50	1/4	1/4	4/4	2	2	1/4		1/4	1		2	62		824
50	50	1/4	1/4	4/4	1	2	1/4		1/4	1	1	-1	65		820
50	50	1/4	1/4	4/4	1	1	1/4		1/4	1	1	3	69		815
50	50	1/2	1/2	4/4	2	2	1/4		1/4	1		0	60		825
50	50	1/2	1/2	4/4	1	2	1/2		1/2	1	-1	-1	65		821
50	50	1/2	1/2	4/4	1	1	1/8		1/8	1	-1	3	69		816
50	50	5/8	5/8	4/4	1	1	1/8		1/8	1		1	67		817
50	50	5/8	5/8	4/4	1	1	1/8		1/8	1		-2	70		817
50	50	3/4	3/4	4/4	2	2	1/4		1/4	1		-2	58		826
50	50	3/4	3/4	4/4	1	1	1/8		1/8	1		3	69		818
50	50	3/4	3/4	4/4	1	1	1/8		1/8	1		0	72		818
50	50	7/8	7/8	4/4	1	1	1/8		1/8	1		-2	70		819
50	50	7/8	7/8	4/4	1	1	1/8		1/8	1		2	74		819
51	51	0	0	4/4	2	1	1/4		1/4	1		3	57		838
51	51	0	0	4/4	2	1	1/4		1/4	1		0	60		838
51	51	0	0	4/4	2	1	1/4		1/4	1		-3	63		838
51	51	0	0	4/4	1	2	1/4		1/4	1		-1	65		835
51	51	0	0	4/4	1	1	1/8		1/8	1		0	72		827
51	51	0	0	4/4	1	1	1/8		1/8	1		-3	75		827
51	51	1/8	1/8	4/4	1	1	1/8		1/8	1		2	74		828
51	51	1/8	1/8	4/4	1	1	1/8		1/8	1		-1	77		828
51	51	1/4	1/4	4/4	2	1	1/4		1/4	1		1	55		839
51	51	1/4	1/4	4/4	2	1	1/4		1/4	1		0	60		839
51	51	1/4	1/4	4/4	2	1	1/4		1/4	1		-3	63		839
51	51	1/4	1/4	4/4	2	1	1/4		1/4	1		1	67		839
51	51	1/4	1/4	4/4	1	2	1/4		1/4	1		0	72		836
51	51	1/4	1/4	4/4	1	1	1/8		1/8	1		-3	75		829
51	51	1/4	1/4	4/4	1	1	1/8		1/8	1		1	79		829
51	51	3/8	3/8	4/4	1	1	1/8		1/8	1		1	79		830
51	51	3/8	3/8	4/4	1	1	1/8		1/8	1		-2	82		830
51	51	1/2	1/2	4/4	2	2	1/2		1/2	1		-1	53		844
51	51	1/2	1/2	4/4	2	2	1/2		1/2	1		0	60		844
51	51	1/2	1/2	4/4	2	2	1/2		1/2	1		-3	63		844
51	51	1/2	1/2	4/4	2	1	1/8		1/8	1		3	69		840
51	51	1/2	1/2	4/4	1	2	1/2		1/2	1		0	72		837
51	51	1/2	1/2	4/4	1	2	1/2		1/2	1		-3	75		837
51	51	1/2	1/2	4/4	1	1	1/8		1/8	1		0	84		831
51	51	5/8	5/8	4/4	2	1	1/8		1/8	1		-1	65		841
51	51	5/8	5/8	4/4	1	1	1/8		1/8	1		3	81		832
51	51	3/4	3/4	4/4	2	1	1/8		1/8	1		1	67		842
51	51	3/4	3/4	4/4	1	1	1/8		1/8	1		-2	82		833
51	51	7/8	7/8	4/4	2	1	1/8		1/8	1		3	69		843
51	51	7/8	7/8	4/4	1	1	1/8		1/8	1	1	0	84		834
52	52	0	0	4/4	2	2	1		1	1	1	-2	34		856
52	52	0	0	4/4	2	2	1		1	1	1	-1	41		856
52	52	0	0	4/4	1	2	1		1	1		2	74		853
52	52	0	0	4/4	1	2	1		1	1		-1	77		853
52	52	0	0	4/4	1	1	1/8		1/8	1	-1	0	84		845
52	52	1/8	1/8	4/4	1	1	1/8		1/8	1		3	81		846
52	52	1/4	1/4	4/4	1	1	1/8		1/8	1		-2	82		847
52	52	3/8	3/8	4/4	1	1	1/8		1/8	1	1	0	84		848
52	52	1/2	1/2	4/4	2	1	1/8		1/8	1		-1	53		854
52	52	1/2	1/2	4/4	1	1	1/8		1/8	1	-1	0	84		849
52	52	5/8	5/8	4/4	2	1	1/8		1/8	1		-1	65		855
52	52	5/8	5/8	4/4	1	1	1/8		1/8	1		3	81		850
52	52	3/4	3/4	4/4	1	1	1/8		1/8	1		-2	82		851
52	52	7/8	7/8	4/4	1	1	1/8		1/8	1	1	0	84		852
53	53	0	0	4/4	2	2	1		1	1	-1	-2	34		871
53	53	0	0	4/4	2	2	1		1	1	-1	-1	41		871
53	53	0	0	4/4	2	1	1/8		1/8	1		-1	65		867
53	53	0	0	4/4	1	2	1		1	1		-5	73		866
53	53	0	0	4/4	1	2	1		1	1		4	76		866
53	53	0	0	4/4	1	1	1/8		1/8	1	-1	0	84		857
53	53	1/8	1/8	4/4	2	1	1/8		1/8	1		-1	77		868
53	53	1/8	1/8	4/4	1	1	1/16		1/16	1		-2	82		858
53	53	3/16	3/16	4/4	1	1	1/16		1/16	1		3	81		859
53	53	1/4	1/4	4/4	1	1	1/8		1/8	1		1	79		860
53	53	3/8	3/8	4/4	1	1	1/8		1/8	1		3	81		861
53	53	1/2	1/2	4/4	2	1	1/8		1/8	1		-1	53		869
53	53	1/2	1/2	4/4	1	1	1/8		1/8	1		-2	82		862
53	53	5/8	5/8	4/4	2	1	1/8		1/8	1		-1	65		870
53	53	5/8	5/8	4/4	1	1	1/8		1/8	1		1	79		863
53	53	3/4	3/4	4/4	1	1	1/8		1/8	1		3	81		864
53	53	7/8	7/8	4/4	1	1	1/8		1/8	1		-2	82		865
54	54	0	0	4/4	2	2	1		1	1	1	-2	34		883
54	54	0	0	4/4	2	2	1		1	1	1	-1	41		883
54	54	0	0	4/4	1	2	1		1	1		2	74		880
54	54	0	0	4/4	1	2	1		1	1		-1	77		880
54	54	0	0	4/4	1	1	1/8		1/8	1		0	84		872
54	54	1/8	1/8	4/4	1	1	1/8		1/8	1		3	81		873
54	54	1/4	1/4	4/4	1	1	1/8		1/8	1		-2	82		874
54	54	3/8	3/8	4/4	1	1	1/8		1/8	1	1	0	84		875
54	54	1/2	1/2	4/4	2	1	1/8		1/8	1		-1	53		881
54	54	1/2	1/2	4/4	1	1	1/8		1/8	1	-1	0	84		876
54	54	5/8	5/8	4/4	2	1	1/8		1/8	1		-1	65		882
54	54	5/8	5/8	4/4	1	1	1/8		1/8	1		3	81		877
54	54	3/4	3/4	4/4	1	1	1/8		1/8	1		-2	82		878
54	54	7/8	7/8	4/4	1	1	1/8		1/8	1	1	0	84		879
55	55	0	0	4/4	2	2	1		1	1	-1	-2	34		896
55	55	0	0	4/4	2	2	1		1	1	-1	-1	41		896
55	55	0	0	4/4	2	1	1/8		1/8	1		-1	65		894
55	55	0	0	4/4	1	2	1		1	1		-5	73		893
55	55	0	0	4/4	1	2	1		1	1		4	76		893
55	55	0	0	4/4	1	1	1/8		1/8	1	-1	0	84		884
55	55	1/8	1/8	4/4	2	1	1/8		1/8	1		-1	77		895
55	55	1/8	1/8	4/4	1	1	1/16		1/16	1		-2	82		885
55	55	3/16	3/16	4/4	1	1	1/16		1/16	1		3	81		886
55	55	1/4	1/4	4/4	1	1	1/8		1/8	1		1	79		887
55	55	3/8	3/8	4/4	1	1	1/8		1/8	1		3	81		888
55	55	1/2	1/2	4/4	1	1	1/8		1/8	1		-2	82		889
55	55	5/8	5/8	4/4	1	1	1/8		1/8	1		1	67		890
55	55	3/4	3/4	4/4	1	1	1/8		1/8	1		3	69		891
55	55	7/8	7/8	4/4	1	1	1/8		1/8	1		-2	70		892
56	56	0	0	4/4	2	2	1		1	1		3	33		908
56	56	0	0	4/4	2	2	1		1	1		4	40		908
56	56	0	0	4/4	1	2	1/8		1/8	1		5	71		898
56	56	0	0	4/4	1	1	1		1	1		7	73		897
56	56	0	0	4/4	1	1	1		1	1		4	76		897
56	56	1/8	1/8	4/4	1	2	1/8		1/8	1		8	68		899
56	56	1/4	1/4	4/4	1	2	1/8		1/8	1		3	69		900
56	56	3/8	3/8	4/4	1	2	1/8		1/8	1	1	5	71		901
56	56	1/2	1/2	4/4	2	1	1/8		1/8	1		4	52		906
56	56	1/2	1/2	4/4	1	2	1/8		1/8	1	-1	5	71		902
56	56	5/8	5/8	4/4	2	1	1/8		1/8	1		4	64		907
56	56	5/8	5/8	4/4	1	2	1/8		1/8	1		8	68		903
56	56	3/4	3/4	4/4	1	2	1/8		1/8	1		3	69		904
56	56	7/8	7/8	4/4	1	2	1/8		1/8	1	1	5	71		905
57	57	0	0	4/4	1	2	1/8		1/8	1	-1	5	71		910
57	57	0	0	4/4	1	1	1		1	1		0	72		909
57	57	0	0	4/4	1	1	1		1	1		9	75		909
57	57	0	0	4/4	2	1	1/8		1/8	1		6	90		919
57	57	1/8	1/8	4/4	1	2	1/16		1/16	1		3	69		911
57	57	3/16	3/16	4/4	1	2	1/16		1/16	1		8	68		912
57	57	1/4	1/4	4/4	1	2	1/8		1/8	1		6	66		913
57	57	1/4	1/4	4/4	2	1	1/8		1/8	1		9	87		920
57	57	3/8	3/8	4/4	1	2	1/8		1/8	1		8	68		914
57	57	1/2	1/2	4/4	1	2	1/8		1/8	1		3	69		915
57	57	1/2	1/2	4/4	2	1	1/8		1/8	1		0	84		921
57	57	5/8	5/8	4/4	1	2	1/8		1/8	1		6	66		916
57	57	3/4	3/4	4/4	1	2	1/8		1/8	1		8	68		917
57	57	3/4	3/4	4/4	2	1	1/8		1/8	1		3	81		922
57	57	7/8	7/8	4/4	1	2	1/8		1/8	1		3	69		918
58	58	0	0	4/4	2	2	1		1	1		3	33		934
58	58	0	0	4/4	2	2	1		1	1		4	40		934
58	58	0	0	4/4	1	2	1/8		1/8	1		5	71		924
58	58	0	0	4/4	1	1	1		1	1		7	73		923
58	58	0	0	4/4	1	1	1		1	1		4	76		923
58	58	1/8	1/8	4/4	1	2	1/8		1/8	1		8	68		925
58	58	1/4	1/4	4/4	1	2	1/8		1/8	1		3	69		926
58	58	3/8	3/8	4/4	1	2	1/8		1/8	1	1	5	71		927
58	58	1/2	1/2	4/4	2	1	1/8		1/8	1		4	52		932
58	58	1/2	1/2	4/4	1	2	1/8		1/8	1	-1	5	71		928
58	58	5/8	5/8	4/4	2	1	1/8		1/8	1		4	64		933
58	58	5/8	5/8	4/4	1	2	1/8		1/8	1		8	68		929
58	58	3/4	3/4	4/4	1	2	1/8		1/8	1		3	69		930
58	58	7/8	7/8	4/4	1	2	1/8		1/8	1	1	5	71		931
59	59	0	0	4/4	2	1	1/8		1/8	1		6	66		945
59	59	0	0	4/4	1	2	1/8		1/8	1	-1	5	71		936
59	59	0	0	4/4	1	1	1		1	1		0	72		935
59	59	0	0	4/4	1	1	1		1	1		9	75		935
59	59	1/8	1/8	4/4	1	2	1/16		1/16	1		3	69		937
59	59	3/16	3/16	4/4	1	2	1/16		1/16	1		8	68		938
59	59	1/4	1/4	4/4	2	1	1/8		1/8	1		9	63		946
59	59	1/4	1/4	4/4	1	2	1/8		1/8	1		6	66		939
59	59	3/8	3/8	4/4	1	2	1/8		1/8	1		8	68		940
59	59	1/2	1/2	4/4	2	1	1/8		1/8	1		0	60		947
59	59	1/2	1/2	4/4	1	2	1/8		1/8	1		3	69		941
59	59	5/8	5/8	4/4	1	2	1/8		1/8	1		6	66		942
59	59	3/4	3/4	4/4	2	1	1/8		1/8	1		3	57		948
59	59	3/4	3/4	4/4	1	2	1/8		1/8	1		8	68		943
59	59	7/8	7/8	4/4	1	2	1/8		1/8	1		3	69		944
60	60	0	0	4/4	2	1	1/4		1/4	1		1	31		961
60	60	0	0	4/4	2	1	1/4		1/4	1		1	43		961
60	60	0	0	4/4	1	1	1/8		1/8	1		-2	70		949
60	60	0	0	4/4	1	2	1/4		1/4	1		2	74		957
60	60	0	0	4/4	1	2	1/4		1/4	1		4	76		957
60	60	0	0	4/4	1	1	1/8		1/8	1		-2	82		949
60	60	1/8	1/8	4/4	1	1	1/8		1/8	1		1	67		950
60	60	1/8	1/8	4/4	1	1	1/8		1/8	1		1	79		950
60	60	1/4	1/4	4/4	2	1	1/4		1/4	1		0	36		962
60	60	1/4	1/4	4/4	2	1	1/4		1/4	1		0	48		962
60	60	1/4	1/4	4/4	1	1	1/8		1/8	1		3	69		951
60	60	1/4	1/4	4/4	1	2	1/4		1/4	1		0	72		958
60	60	1/4	1/4	4/4	1	2	1/4		1/4	1		4	76		958
60	60	1/4	1/4	4/4	1	1	1/8		1/8	1		3	81		951
60	60	3/8	3/8	4/4	1	1	1/8		1/8	1		-2	70		952
60	60	3/8	3/8	4/4	1	1	1/8		1/8	1		-2	82		952
60	60	1/2	1/2	4/4	2	1	1/4		1/4	1		1	43		963
60	60	1/2	1/2	4/4	2	1	1/4		1/4	1		1	55		963
60	60	1/2	1/2	4/4	1	1	1/8		1/8	1		-2	70		953
60	60	1/2	1/2	4/4	1	2	1/4		1/4	1		2	74		959
60	60	1/2	1/2	4/4	1	2	1/4		1/4	1		4	76		959
60	60	1/2	1/2	4/4	1	1	1/8		1/8	1		-2	82		953
60	60	5/8	5/8	4/4	1	1	1/8		1/8	1		1	67		954
60	60	5/8	5/8	4/4	1	1	1/8		1/8	1		1	79		954
60	60	3/4	3/4	4/4	2	1	1/4		1/4	1		0	48		964
60	60	3/4	3/4	4/4	2	1	1/4		1/4	1		0	60		964
60	60	3/4	3/4	4/4	1	1	1/8		1/8	1		3	69		955
60	60	3/4	3/4	4/4	1	2	1/4		1/4	1		0	72		960
60	60	3/4	3/4	4/4	1	2	1/4		1/4	1		4	76		960
60	60	3/4	3/4	4/4	1	1	1/8		1/8	1		3	81		955
60	60	7/8	7/8	4/4	1	1	1/8		1/8	1		-2	70		956
60	60	7/8	7/8	4/4	1	1	1/8		1/8	1		-2	82		956
61	61	0	0	4/4	2	2	1		1	1		1	55		986
61	61	0	0	4/4	2	2	1		1	1		-2	58		986
61	61	0	0	4/4	2	1	1/8		1/8	1		2	62		976
61	61	0	0	4/4	1	1	1		1	1		-2	70		965
61	61	0	0	4/4	1	2	1/8		1/8	1		2	74		966
61	61	0	0	4/4	1	1	1		1	1		-2	82		965
61	61	1/8	1/8	4/4	2	1	1/8		1/8	1	1	-1	65		977
61	61	1/8	1/8	4/4	1	2	1/8		1/8	1	1	-1	77		967
61	61	1/4	1/4	4/4	2	1	1/8		1/8	1	-1	-1	65		978
61	61	1/4	1/4	4/4	1	2	1/8		1/8	1	-1	-1	77		968
61	61	3/8	3/8	4/4	2	1	1/16		1/16	1		4	64		979
61	61	3/8	3/8	4/4	1	2	1/16		1/16	1		4	76		969
61	61	7/16	7/16	4/4	2	1	1/16		1/16	1		-1	65		980
61	61	7/16	7/16	4/4	1	2	1/16		1/16	1		-1	77		970
61	61	1/2	1/2	4/4	2	1	1/8		1/8	1		2	62		981
61	61	1/2	1/2	4/4	1	2	1/8		1/8	1		2	74		971
61	61	5/8	5/8	4/4	2	1	1/16		1/16	1		0	60		982
61	61	5/8	5/8	4/4	1	2	1/16		1/16	1		0	72		972
61	61	11/16	11/16	4/4	2	1	1/16		1/16	1		2	62		983
61	61	11/16	11/16	4/4	1	2	1/16		1/16	1		2	74		973
61	61	3/4	3/4	4/4	2	1	1/8		1/8	1		-2	58		984
61	61	3/4	3/4	4/4	1	2	1/8		1/8	1		-2	70		974
61	61	7/8	7/8	4/4	2	1	1/8		1/8	1		2	62		985
61	61	7/8	7/8	4/4	1	2	1/8		1/8	1		2	74		975
62	62	0	0	4/4	2	1	1/4		1/4	1		1	31		999
62	62	0	0	4/4	2	1	1/4		1/4	1		1	43		999
62	62	0	0	4/4	1	1	1/8		1/8	1		-2	70		987
62	62	0	0	4/4	1	2	1/4		1/4	1		2	74		995
62	62	0	0	4/4	1	2	1/4		1/4	1		4	76		995
62	62	0	0	4/4	1	1	1/8		1/8	1		-2	82		987
62	62	1/8	1/8	4/4	1	1	1/8		1/8	1		1	67		988
62	62	1/8	1/8	4/4	1	1	1/8		1/8	1		1	79		988
62	62	1/4	1/4	4/4	2	1	1/4		1/4	1		0	36		1000
62	62	1/4	1/4	4/4	2	1	1/4		1/4	1		0	48		1000
62	62	1/4	1/4	4/4	1	1	1/8		1/8	1		3	69		989
62	62	1/4	1/4	4/4	1	2	1/4		1/4	1		0	72		996
62	62	1/4	1/4	4/4	1	2	1/4		1/4	1		4	76		996
62	62	1/4	1/4	4/4	1	1	1/8		1/8	1		3	81		989
62	62	3/8	3/8	4/4	1	1	1/8		1/8	1		-2	70		990
62	62	3/8	3/8	4/4	1	1	1/8		1/8	1		-2	82		990
62	62	1/2	1/2	4/4	2	1	1/4		1/4	1		1	43		1001
62	62	1/2	1/2	4/4	2	1	1/4		1/4	1		1	55		1001
62	62	1/2	1/2	4/4	1	1	1/8		1/8	1		-2	70		991
62	62	1/2	1/2	4/4	1	2	1/4		1/4	1		2	74		997
62	62	1/2	1/2	4/4	1	2	1/4		1/4	1		4	76		997
62	62	1/2	1/2	4/4	1	1	1/8		1/8	1		-2	82		991
62	62	5/8	5/8	4/4	1	1	1/8		1/8	1		1	67		992
62	62	5/8	5/8	4/4	1	1	1/8		1/8	1		1	79		992
62	62	3/4	3/4	4/4	2	1	1/4		1/4	1		0	48		1002
62	62	3/4	3/4	4/4	2	1	1/4		1/4	1		0	60		1002
62	62	3/4	3/4	4/4	1	1	1/8		1/8	1		3	69		993
62	62	3/4	3/4	4/4	1	2	1/4		1/4	1		0	72		998
62	62	3/4	3/4	4/4	1	2	1/4		1/4	1		4	76		998
62	62	3/4	3/4	4/4	1	1	1/8		1/8	1		3	81		993
62	62	7/8	7/8	4/4	1	1	1/8		1/8	1		-2	70		994
62	62	7/8	7/8	4/4	1	1	1/8		1/8	1		-2	82		994
63	63	0	0	4/4	2	2	1		1	1		1	55		1024
63	63	0	0	4/4	2	2	1		1	1		-2	58		1024
63	63	0	0	4/4	2	1	1/8		1/8	1		2	62		1014
63	63	0	0	4/4	1	1	1		1	1		-2	70		1003
63	63	0	0	4/4	1	2	1/8		1/8	1		2	74		1004
63	63	0	0	4/4	1	1	1		1	1		-2	82		1003
63	63	1/8	1/8	4/4	2	1	1/8		1/8	1	1	-1	65		1015
63	63	1/8	1/8	4/4	1	2	1/8		1/8	1	1	-1	77		1005
63	63	1/4	1/4	4/4	2	1	1/8		1/8	1	-1	-1	65		1016
63	63	1/4	1/4	4/4	1	2	1/8		1/8	1	-1	-1	77		1006
63	63	3/8	3/8	4/4	2	1	1/16		1/16	1		4	64		1017
63	63	3/8	3/8	4/4	1	2	1/16		1/16	1		4	76		1007
63	63	7/16	7/16	4/4	2	1	1/16		1/16	1		-1	65		1018
63	63	7/16	7/16	4/4	1	2	1/16		1/16	1		-1	77		1008
63	63	1/2	1/2	4/4	2	1	1/8		1/8	1		2	62		1019
63	63	1/2	1/2	4/4	1	2	1/8		1/8	1		2	74		1009
63	63	5/8	5/8	4/4	2	1	1/16		1/16	1		0	60		1020
63	63	5/8	5/8	4/4	1	2	1/16		1/16	1		0	72		1010
63	63	11/16	11/16	4/4	2	1	1/16		1/16	1		2	62		1021
63	63	11/16	11/16	4/4	1	2	1/16		1/16	1		2	74		1011
63	63	3/4	3/4	4/4	2	1	1/8		1/8	1		-2	58		1022
63	63	3/4	3/4	4/4	1	2	1/8		1/8	1		-2	70		1012
63	63	7/8	7/8	4/4	2	1	1/8		1/8	1		2	62		1023
63	63	7/8	7/8	4/4	1	2	1/8		1/8	1		2	74		1013
64	64	0	0	4/4	2	2	1		1	1		-2	58		1046
64	64	0	0	4/4	2	2	1		1	1		2	62		1046
64	64	0	0	4/4	2	1	1/8		1/8	1		-1	65		1036
64	64	0	0	4/4	1	2	1		1	1		-2	70		1035
64	64	0	0	4/4	1	2	1		1	1		2	74		1035
64	64	0	0	4/4	1	1	1/8		1/8	1		-1	77		1025
64	64	1/8	1/8	4/4	2	1	1/8		1/8	1	1	3	69		1037
64	64	1/8	1/8	4/4	1	1	1/8		1/8	1	1	3	81		1026
64	64	1/4	1/4	4/4	2	1	1/8		1/8	1	-1	3	69		1038
64	64	1/4	1/4	4/4	1	1	1/8		1/8	1	-1	3	81		1027
64	64	3/8	3/8	4/4	2	1	1/16		1/16	1		1	67		1039
64	64	3/8	3/8	4/4	1	1	1/16		1/16	1		1	79		1028
64	64	7/16	7/16	4/4	2	1	1/16		1/16	1		3	69		1040
64	64	7/16	7/16	4/4	1	1	1/16		1/16	1		3	81		1029
64	64	1/2	1/2	4/4	2	1	1/8		1/8	1		-1	65		1041
64	64	1/2	1/2	4/4	1	1	1/8		1/8	1		-1	77		1030
64	64	5/8	5/8	4/4	2	1	1/16		1/16	1		4	64		1042
64	64	5/8	5/8	4/4	1	1	1/16		1/16	1		4	76		1031
64	64	11/16	11/16	4/4	2	1	1/16		1/16	1		-1	65		1043
64	64	11/16	11/16	4/4	1	1	1/16		1/16	1		-1	77		1032
64	64	3/4	3/4	4/4	2	1	1/8		1/8	1		2	62		1044
64	64	3/4	3/4	4/4	1	1	1/8		1/8	1		2	74		1033
64	64	7/8	7/8	4/4	2	1	1/8		1/8	1		-1	65		1045
64	64	7/8	7/8	4/4	1	1	1/8		1/8	1		-1	77		1034
65	65	0	0	4/4	1	1	0	grace32after	1/32	1		-1	89		1047
65	65	0	0	4/4	1	1	0	grace32after	1/32	1		4	88		1048
65	65	0	0	4/4	1	1	0	grace32after	1/32	1		2	86		1049
65	65	0	0	4/4	1	1	0	grace32after	1/32	1		0	84		1050
65	65	0	0	4/4	2	1	1/4		1/4	1		0	60		1052
65	65	0	0	4/4	2	1	1/4		1/4	1		2	62		1052
65	65	0	0	4/4	2	1	1/4		1/4	1		-1	65		1052
65	65	0	0	4/4	2	1	1/4		1/4	1		1	67		1052
65	65	0	0	4/4	2	1	1/4		1/4	1		-2	70		1052
65	65	0	0	4/4	1	1	1		1	1		0	84		1051
65	65	1/4	1/4	4/4	2	1	1/4		1/4	1		1	55		1053
65	65	1/2	1/2	4/4	2	1	1/4		1/4	1		0	60		1054
65	65	3/4	3/4	4/4	2	1	1/4		1/4	1		0	48		1055
66	66	0	0	4/4	2	1	1/8		1/8	1		-1	29		1059
66	66	0	0	4/4	1	1	1/4		1/4	1		1	91		1056
66	66	1/8	1/8	4/4	2	1	1/8		1/8	1		-1	41		1060
66	66	1/4	1/4	4/4	2	1	1/8		1/8	1		0	48		1061
66	66	3/8	3/8	4/4	2	1	1/8		1/8	1	1	0	48		1062
66	66	1/2	1/2	4/4	2	2	1/2		1/2	1	0	0	48		1064
66	66	1/2	1/2	4/4	2	1	1/2		1/2	1	1	1	55		1063
66	66	1/2	1/2	4/4	2	1	1/2		1/2	1	1	-2	58		1063
66	66	1/2	1/2	4/4	2	1	1/2		1/2	1	1	2	62		1063
66	66	1/2	1/2	4/4	1	2	1/2		1/2	1	1	1	67		1058
66	66	1/2	1/2	4/4	1	2	1/2		1/2	1	1	-2	70		1058
66	66	1/2	1/2	4/4	1	2	1/2		1/2	1	1	2	74		1058
66	66	1/2	1/2	4/4	1	1	1/2		1/2	1	1	1	79		1057
67	67	0	0	4/4	2	2	1/4		1/4	1	-1	0	48		1083
67	67	0	0	4/4	2	1	1/4		1/4	1	-1	1	55		1082
67	67	0	0	4/4	2	1	1/4		1/4	1	-1	-2	58		1082
67	67	0	0	4/4	2	1	1/4		1/4	1	-1	2	62		1082
67	67	0	0	4/4	1	2	1/4		1/4	1	-1	1	67		1081
67	67	0	0	4/4	1	2	1/4		1/4	1	-1	-2	70		1081
67	67	0	0	4/4	1	2	1/4		1/4	1	-1	2	74		1081
67	67	0	0	4/4	1	1	1/16		1/16	1	-1	1	79		1065
67	67	1/16	1/16	4/4	1	1	1/16		1/16	1		3	81		1066
67	67	1/8	1/8	4/4	1	1	1/16		1/16	1		-2	82		1067
67	67	3/16	3/16	4/4	1	1	1/16		1/16	1		3	81		1068
67	67	1/4	1/4	4/4	1	1	1/16		1/16	1		1	79		1069
67	67	5/16	5/16	4/4	1	1	1/16		1/16	1		3	81		1070
67	67	3/8	3/8	4/4	1	1	1/16		1/16	1		1	79		1071
67	67	7/16	7/16	4/4	1	1	1/16		1/16	1		-1	77		1072
67	67	1/2	1/2	4/4	1	1	1/16		1/16	1		2	74		1073
67	67	9/16	9/16	4/4	1	1	1/16		1/16	1		-1	77		1074
67	67	5/8	5/8	4/4	1	1	1/16		1/16	1		2	74		1075
67	67	11/16	11/16	4/4	1	1	1/16		1/16	1		0	72		1076
67	67	3/4	3/4	4/4	1	1	1/16		1/16	1		-2	70		1077
67	67	13/16	13/16	4/4	1	1	1/16		1/16	1		1	67		1078
67	67	7/8	7/8	4/4	1	1	1/16		1/16	1		2	62		1079
67	67	15/16	15/16	4/4	1	1	1/16		1/16	1		4	64		1080
68	68	0	0	4/4	2	1	1/2		1/2	1		-1	41		1099
68	68	0	0	4/4	2	1	1/2		1/2	1		7	49		1099
68	68	0	0	4/4	2	1	1/2		1/2	1		3	57		1099
68	68	0	0	4/4	1	2	1/2		1/2	1		7	61		1097
68	68	0	0	4/4	1	1	1/16		1/16	1		1	67		1084
68	68	1/16	1/16	4/4	1	1	1/16		1/16	1		-1	65		1085
68	68	1/8	1/8	4/4	1	1	1/16		1/16	1		1	67		1086
68	68	3/16	3/16	4/4	1	1	1/16		1/16	1		3	69		1087
68	68	1/4	1/4	4/4	1	1	1/4		1/4	1	1	1	67		1088
68	68	1/2	1/2	4/4	2	1	1/2		1/2	1		-2	46		1100
68	68	1/2	1/2	4/4	2	1	1/2		1/2	1		-1	53		1100
68	68	1/2	1/2	4/4	1	2	1/2		1/2	1		2	62		1098
68	68	1/2	1/2	4/4	1	1	1/16		1/16	1	-1	1	67		1089
68	68	9/16	9/16	4/4	1	1	1/16		1/16	1		-1	65		1090
68	68	5/8	5/8	4/4	1	1	1/16		1/16	1		1	67		1091
68	68	11/16	11/16	4/4	1	1	1/16		1/16	1		3	69		1092
68	68	3/4	3/4	4/4	1	1	1/16		1/16	1		0	72		1093
68	68	13/16	13/16	4/4	1	1	1/16		1/16	1		3	69		1094
68	68	7/8	7/8	4/4	1	1	1/16		1/16	1		1	67		1095
68	68	15/16	15/16	4/4	1	1	1/16		1/16	1		-1	65		1096
69	69	0	0	4/4	2	2	1/2		1/2	1		0	48		1117
69	69	0	0	4/4	2	1	1		1	1		3	57		1116
69	69	0	0	4/4	1	2	1/2		1/2	1		-3	63		1114
69	69	0	0	4/4	1	1	1/16		1/16	1		1	67		1101
69	69	1/16	1/16	4/4	1	1	1/16		1/16	1		-1	65		1102
69	69	1/8	1/8	4/4	1	1	1/16		1/16	1		1	67		1103
69	69	3/16	3/16	4/4	1	1	1/16		1/16	1		3	69		1104
69	69	1/4	1/4	4/4	1	1	1/4		1/4	1	1	1	67		1105
69	69	1/2	1/2	4/4	2	2	1/2		1/2	1		2	50		1118
69	69	1/2	1/2	4/4	1	2	1/2		1/2	1		2	62		1115
69	69	1/2	1/2	4/4	1	1	1/16		1/16	1	-1	1	67		1106
69	69	9/16	9/16	4/4	1	1	1/16		1/16	1		-1	65		1107
69	69	5/8	5/8	4/4	1	1	1/16		1/16	1		1	67		1108
69	69	11/16	11/16	4/4	1	1	1/16		1/16	1		3	69		1109
69	69	3/4	3/4	4/4	1	1	1/16		1/16	1		2	74		1110
69	69	13/16	13/16	4/4	1	1	1/16		1/16	1		3	69		1111
69	69	7/8	7/8	4/4	1	1	1/16		1/16	1		1	67		1112
69	69	15/16	15/16	4/4	1	1	1/16		1/16	1	1	-1	65		1113
70	70	0	0	4/4	2	1	1/4		1/4	1		-2	46		1131
70	70	0	0	4/4	2	1	1/4		1/4	1		-1	53		1131
70	70	0	0	4/4	2	1	1/4		1/4	1		-2	58		1131
70	70	0	0	4/4	1	2	1/4		1/4	1		2	62		1128
70	70	0	0	4/4	1	1	1/16		1/16	1	-1	-1	65		1119
70	70	1/16	1/16	4/4	1	1	1/16		1/16	1		-2	70		1120
70	70	1/8	1/8	4/4	1	1	1/16		1/16	1		2	74		1121
70	70	3/16	3/16	4/4	1	1	1/16		1/16	1		-1	77		1122
70	70	1/4	1/4	4/4	2	2	3/4		1/2	3/2		-2	58		1136
70	70	1/4	1/4	4/4	2	1	1/4		1/4	1		-1	65		1132
70	70	1/4	1/4	4/4	1	2	1/4		1/4	1		2	74		1129
70	70	1/4	1/4	4/4	1	1	1/4		1/4	1	1	3	81		1123
70	70	1/2	1/2	4/4	2	1	1/4		1/4	1		4	64		1133
70	70	1/2	1/2	4/4	1	2	1/2		1/2	1	1	0	72		1130
70	70	1/2	1/2	4/4	1	1	1/8		1/8	1	-1	3	81		1124
70	70	5/8	5/8	4/4	1	1	1/8		1/8	1		1	79		1125
70	70	3/4	3/4	4/4	2	1	1/8		1/8	1		2	62		1134
70	70	3/4	3/4	4/4	1	1	1/8		1/8	1		-1	77		1126
70	70	7/8	7/8	4/4	2	1	1/8		1/8	1	1	4	64		1135
70	70	7/8	7/8	4/4	1	1	1/8		1/8	1	1	1	79		1127
71	71	0	0	4/4	2	2	1/2		1/2	1		3	57		1160
71	71	0	0	4/4	2	1	1/16		1/16	1	-1	4	64		1152
71	71	0	0	4/4	1	2	1/4		1/4	1	0	0	72		1146
71	71	0	0	4/4	1	1	1/16		1/16	1	-1	1	79		1137
71	71	1/16	1/16	4/4	2	1	1/16		1/16	1		-1	65		1153
71	71	1/16	1/16	4/4	1	1	1/16		1/16	1		-1	77		1138
71	71	1/8	1/8	4/4	2	1	1/16		1/16	1		1	67		1154
71	71	1/8	1/8	4/4	1	1	1/16		1/16	1		4	76		1139
71	71	3/16	3/16	4/4	2	1	1/16		1/16	1		3	69		1155
71	71	3/16	3/16	4/4	1	1	1/16		1/16	1		1	79		1140
71	71	1/4	1/4	4/4	2	1	1/4		1/4	1	1	2	62		1156
71	71	1/4	1/4	4/4	1	2	1/8		1/8	1	-1	0	72		1147
71	71	1/4	1/4	4/4	1	1	1/4		1/4	1	1	-1	77		1141
71	71	3/8	3/8	4/4	1	2	1/16		1/16	1		-2	70		1148
71	71	7/16	7/16	4/4	1	2	1/16		1/16	1		3	69		1149
71	71	1/2	1/2	4/4	2	1	1/8		1/8	1	-1	2	62		1157
71	71	1/2	1/2	4/4	1	2	1/4		1/4	1		-2	70		1150
71	71	1/2	1/2	4/4	1	1	1/8		1/8	1	-1	-1	77		1142
71	71	5/8	5/8	4/4	2	1	1/8		1/8	1		4	64		1158
71	71	5/8	5/8	4/4	1	1	1/8		1/8	1		4	76		1143
71	71	3/4	3/4	4/4	2	1	1/4		1/4	1		0	48		1159
71	71	3/4	3/4	4/4	2	2	1/4		1/4	1		0	48		1161
71	71	3/4	3/4	4/4	1	1	1/8		1/8	1		-1	65		1144
71	71	3/4	3/4	4/4	1	2	1/4		1/4	1		-2	70		1151
71	71	3/4	3/4	4/4	1	1	1/8		1/8	1		2	74		1144
71	71	7/8	7/8	4/4	1	1	1/8		1/8	1		4	64		1145
71	71	7/8	7/8	4/4	1	1	1/8		1/8	1		0	72		1145
72	72	0	0	4/4	2	2	1/8		1/8	1		-1	29		1165
72	72	1/8	1/8	4/4	2	2	1/8		1/8	1		-1	41		1166
72	72	1/4	1/4	4/4	2	2	1/8		1/8	1		0	48		1167
72	72	3/8	3/8	4/4	2	2	1/8		1/8	1	1	0	48		1168
72	72	1/2	1/2	4/4	2	2	1/2		1/2	1	0	0	48		1169
72	72	1/2	1/2	4/4	2	1	1/2		1/2	1	1	1	55		1164
72	72	1/2	1/2	4/4	2	1	1/2		1/2	1	1	-2	58		1164
72	72	1/2	1/2	4/4	2	1	1/2		1/2	1	1	2	62		1164
72	72	1/2	1/2	4/4	1	2	1/2		1/2	1	1	1	67		1163
72	72	1/2	1/2	4/4	1	2	1/2		1/2	1	1	-2	70		1163
72	72	1/2	1/2	4/4	1	2	1/2		1/2	1	1	2	74		1163
72	72	1/2	1/2	4/4	1	1	1/2		1/2	1	1	1	79		1162
73	73	0	0	4/4	2	2	1/4		1/4	1	-1	0	48		1188
73	73	0	0	4/4	2	1	1/4		1/4	1	-1	1	55		1187
73	73	0	0	4/4	2	1	1/4		1/4	1	-1	-2	58		1187
73	73	0	0	4/4	2	1	1/4		1/4	1	-1	2	62		1187
73	73	0	0	4/4	1	2	1/4		1/4	1	-1	1	67		1186
73	73	0	0	4/4	1	2	1/4		1/4	1	-1	-2	70		1186
73	73	0	0	4/4	1	2	1/4		1/4	1	-1	2	74		1186
73	73	0	0	4/4	1	1	1/16		1/16	1	-1	1	79		1170
73	73	1/16	1/16	4/4	1	1	1/16		1/16	1		3	81		1171
73	73	1/8	1/8	4/4	1	1	1/16		1/16	1		-2	82		1172
73	73	3/16	3/16	4/4	1	1	1/16		1/16	1		3	81		1173
73	73	1/4	1/4	4/4	1	1	1/16		1/16	1		1	79		1174
73	73	5/16	5/16	4/4	1	1	1/16		1/16	1		3	81		1175
73	73	3/8	3/8	4/4	1	1	1/16		1/16	1		1	79		1176
73	73	7/16	7/16	4/4	1	1	1/16		1/16	1		-1	77		1177
73	73	1/2	1/2	4/4	1	1	1/16		1/16	1		2	74		1178
73	73	9/16	9/16	4/4	1	1	1/16		1/16	1		-1	77		1179
73	73	5/8	5/8	4/4	1	1	1/16		1/16	1		2	74		1180
73	73	11/16	11/16	4/4	1	1	1/16		1/16	1		0	72		1181
73	73	3/4	3/4	4/4	1	1	1/16		1/16	1		-2	70		1182
73	73	13/16	13/16	4/4	1	1	1/16		1/16	1		1	67		1183
73	73	7/8	7/8	4/4	1	1	1/16		1/16	1		2	62		1184
73	73	15/16	15/16	4/4	1	1	1/16		1/16	1		4	64		1185
74	74	0	0	4/4	2	1	1/2		1/2	1		2	50		1203
74	74	0	0	4/4	2	1	1/2		1/2	1		3	57		1203
74	74	0	0	4/4	1	2	1		1	1		2	62		1202
74	74	0	0	4/4	1	1	1/16		1/16	1		1	67		1189
74	74	1/16	1/16	4/4	1	1	1/16		1/16	1		-1	65		1190
74	74	1/8	1/8	4/4	1	1	1/16		1/16	1		1	67		1191
74	74	3/16	3/16	4/4	1	1	1/16		1/16	1		3	69		1192
74	74	1/4	1/4	4/4	1	1	1/4		1/4	1	1	1	67		1193
74	74	1/2	1/2	4/4	2	1	1/2		1/2	1		1	43		1204
74	74	1/2	1/2	4/4	2	1	1/2		1/2	1		2	50		1204
74	74	1/2	1/2	4/4	2	1	1/2		1/2	1		-2	58		1204
74	74	1/2	1/2	4/4	1	1	1/16		1/16	1	-1	1	67		1194
74	74	9/16	9/16	4/4	1	1	1/16		1/16	1		-1	65		1195
74	74	5/8	5/8	4/4	1	1	1/16		1/16	1		1	67		1196
74	74	11/16	11/16	4/4	1	1	1/16		1/16	1		3	69		1197
74	74	3/4	3/4	4/4	1	1	1/16		1/16	1		2	74		1198
74	74	13/16	13/16	4/4	1	1	1/16		1/16	1		3	69		1199
74	74	7/8	7/8	4/4	1	1	1/16		1/16	1		1	67		1200
74	74	15/16	15/16	4/4	1	1	1/16		1/16	1		-1	65		1201
75	75	0	0	4/4	2	1	1/2		1/2	1		2	50		1219
75	75	0	0	4/4	2	1	1/2		1/2	1		3	57		1219
75	75	0	0	4/4	1	2	1		1	1		2	62		1218
75	75	0	0	4/4	1	1	1/16		1/16	1		1	67		1205
75	75	1/16	1/16	4/4	1	1	1/16		1/16	1		-1	65		1206
75	75	1/8	1/8	4/4	1	1	1/16		1/16	1		1	67		1207
75	75	3/16	3/16	4/4	1	1	1/16		1/16	1		3	69		1208
75	75	1/4	1/4	4/4	1	1	1/4		1/4	1	1	1	67		1209
75	75	1/2	1/2	4/4	2	1	1/2		1/2	1		1	43		1220
75	75	1/2	1/2	4/4	2	1	1/2		1/2	1		2	50		1220
75	75	1/2	1/2	4/4	2	1	1/2		1/2	1		5	59		1220
75	75	1/2	1/2	4/4	1	1	1/16		1/16	1	-1	1	67		1210
75	75	9/16	9/16	4/4	1	1	1/16		1/16	1		-1	65		1211
75	75	5/8	5/8	4/4	1	1	1/16		1/16	1		1	67		1212
75	75	11/16	11/16	4/4	1	1	1/16		1/16	1		3	69		1213
75	75	3/4	3/4	4/4	1	1	1/16		1/16	1		2	74		1214
75	75	13/16	13/16	4/4	1	1	1/16		1/16	1		3	69		1215
75	75	7/8	7/8	4/4	1	1	1/16		1/16	1		1	67		1216
75	75	15/16	15/16	4/4	1	1	1/16		1/16	1		-1	65		1217
76	76	0	0	4/4	2	1	1		1	1		0	36		1243
76	76	0	0	4/4	2	1	1		1	1		0	48		1243
76	76	0	0	4/4	1	1	1/16		1/16	1		4	76		1221
76	76	1/16	1/16	4/4	1	1	1/16		1/16	1		-2	70		1222
76	76	1/8	1/8	4/4	1	1	1/16		1/16	1		3	69		1223
76	76	3/16	3/16	4/4	1	1	1/16		1/16	1		1	67		1224
76	76	1/4	1/4	4/4	1	2	1/8		1/8	1		3	57		1237
76	76	1/4	1/4	4/4	1	2	1/8		1/8	1		0	60		1237
76	76	1/4	1/4	4/4	1	1	1/16		1/16	1		-1	77		1225
76	76	5/16	5/16	4/4	1	1	1/16		1/16	1		0	72		1226
76	76	3/8	3/8	4/4	1	2	1/8		1/8	1		2	62		1238
76	76	3/8	3/8	4/4	1	2	1/8		1/8	1		-1	65		1238
76	76	3/8	3/8	4/4	1	1	1/16		1/16	1		-2	70		1227
76	76	7/16	7/16	4/4	1	1	1/16		1/16	1		3	69		1228
76	76	1/2	1/2	4/4	1	2	1/8		1/8	1		-2	58		1239
76	76	1/2	1/2	4/4	1	2	1/8		1/8	1		2	62		1239
76	76	1/2	1/2	4/4	1	1	1/16		1/16	1		1	79		1229
76	76	9/16	9/16	4/4	1	1	1/16		1/16	1		2	74		1230
76	76	5/8	5/8	4/4	1	2	1/8		1/8	1		4	64		1240
76	76	5/8	5/8	4/4	1	2	1/8		1/8	1		1	67		1240
76	76	5/8	5/8	4/4	1	1	1/16		1/16	1		0	72		1231
76	76	11/16	11/16	4/4	1	1	1/16		1/16	1		-2	70		1232
76	76	3/4	3/4	4/4	1	2	1/8		1/8	1		0	60		1241
76	76	3/4	3/4	4/4	1	2	1/8		1/8	1		4	64		1241
76	76	3/4	3/4	4/4	1	1	1/16		1/16	1		3	81		1233
76	76	13/16	13/16	4/4	1	1	1/16		1/16	1		4	76		1234
76	76	7/8	7/8	4/4	1	2	1/8		1/8	1		-1	65		1242
76	76	7/8	7/8	4/4	1	2	1/8		1/8	1		3	69		1242
76	76	7/8	7/8	4/4	1	1	1/16		1/16	1		2	74		1235
76	76	15/16	15/16	4/4	1	1	1/16		1/16	1		0	72		1236
77	77	0	0	4/4	1	2	1/8		1/8	1		2	62		1260
77	77	0	0	4/4	1	2	1/8		1/8	1		-1	65		1260
77	77	0	0	4/4	1	1	1/16		1/16	1		-2	82		1244
77	77	1/16	1/16	4/4	1	1	1/16		1/16	1		-1	77		1245
77	77	1/8	1/8	4/4	1	2	1/8		1/8	1		1	67		1261
77	77	1/8	1/8	4/4	1	2	1/8		1/8	1		-2	70		1261
77	77	1/8	1/8	4/4	1	1	1/16		1/16	1		4	76		1246
77	77	3/16	3/16	4/4	1	1	1/16		1/16	1		2	74		1247
77	77	1/4	1/4	4/4	1	2	1/8		1/8	1		4	64		1262
77	77	1/4	1/4	4/4	1	2	1/8		1/8	1		1	67		1262
77	77	1/4	1/4	4/4	1	1	1/16		1/16	1		0	84		1248
77	77	5/16	5/16	4/4	1	1	1/16		1/16	1		1	79		1249
77	77	3/8	3/8	4/4	1	2	1/8		1/8	1		3	69		1263
77	77	3/8	3/8	4/4	1	2	1/8		1/8	1		0	72		1263
77	77	3/8	3/8	4/4	1	1	1/16		1/16	1		-1	77		1250
77	77	7/16	7/16	4/4	1	1	1/16		1/16	1		4	76		1251
77	77	1/2	1/2	4/4	1	2	1/8		1/8	1		-1	65		1264
77	77	1/2	1/2	4/4	1	2	1/8		1/8	1		3	69		1264
77	77	1/2	1/2	4/4	1	1	1/16		1/16	1		2	86		1252
77	77	9/16	9/16	4/4	1	1	1/16		1/16	1		3	81		1253
77	77	5/8	5/8	4/4	1	2	1/8		1/8	1		-2	70		1265
77	77	5/8	5/8	4/4	1	2	1/8		1/8	1		2	74		1265
77	77	5/8	5/8	4/4	1	1	1/16		1/16	1		1	79		1254
77	77	11/16	11/16	4/4	1	1	1/16		1/16	1		-1	77		1255
77	77	3/4	3/4	4/4	1	2	1/8		1/8	1		1	67		1266
77	77	3/4	3/4	4/4	1	2	1/8		1/8	1		-2	70		1266
77	77	3/4	3/4	4/4	1	1	1/16		1/16	1		4	88		1256
77	77	13/16	13/16	4/4	1	1	1/16		1/16	1		-2	82		1257
77	77	7/8	7/8	4/4	1	2	1/8		1/8	1		0	72		1267
77	77	7/8	7/8	4/4	1	2	1/8		1/8	1		4	76		1267
77	77	7/8	7/8	4/4	1	1	1/16		1/16	1		3	81		1258
77	77	15/16	15/16	4/4	1	1	1/16		1/16	1		1	79		1259
78	78	0	0	4/4	2	1	1		1	1		-2	58		1284
78	78	0	0	4/4	2	1	1		1	1		-1	65		1284
78	78	0	0	4/4	2	1	1		1	1		1	67		1284
78	78	0	0	4/4	2	1	1		1	1		2	74		1284
78	78	0	0	4/4	1	1	1/16		1/16	1		1	91		1268
78	78	1/16	1/16	4/4	1	1	1/16		1/16	1		2	86		1269
78	78	1/8	1/8	4/4	1	1	1/16		1/16	1		0	84		1270
78	78	3/16	3/16	4/4	1	1	1/16		1/16	1		-2	82		1271
78	78	1/4	1/4	4/4	1	1	1/16		1/16	1		1	79		1272
78	78	5/16	5/16	4/4	1	1	1/16		1/16	1		2	74		1273
78	78	3/8	3/8	4/4	1	1	1/16		1/16	1		0	72		1274
78	78	7/16	7/16	4/4	1	1	1/16		1/16	1		-2	70		1275
78	78	1/2	1/2	4/4	1	1	1/16		1/16	1		-1	77		1276
78	78	9/16	9/16	4/4	1	1	1/16		1/16	1		1	79		1277
78	78	5/8	5/8	4/4	1	1	1/16		1/16	1		3	81		1278
78	78	11/16	11/16	4/4	1	1	1/16		1/16	1		-2	82		1279
78	78	3/4	3/4	4/4	1	1	1/16		1/16	1		0	84		1280
78	78	13/16	13/16	4/4	1	1	1/16		1/16	1		2	86		1281
78	78	7/8	7/8	4/4	1	1	1/16		1/16	1		4	88		1282
78	78	15/16	15/16	4/4	1	1	1/16		1/16	1		-1	89		1283
79	79	0	0	4/4	2	1	1		1	1		1	55		1301
79	79	0	0	4/4	2	1	1		1	1		0	60		1301
79	79	0	0	4/4	2	1	1		1	1		2	62		1301
79	79	0	0	4/4	2	1	1		1	1		-2	70		1301
79	79	0	0	4/4	1	1	1/16		1/16	1		1	91		1285
79	79	1/16	1/16	4/4	1	1	1/16		1/16	1		2	86		1286
79	79	1/8	1/8	4/4	1	1	1/16		1/16	1		0	84		1287
79	79	3/16	3/16	4/4	1	1	1/16		1/16	1		-2	82		1288
79	79	1/4	1/4	4/4	1	1	1/16		1/16	1		1	79		1289
79	79	5/16	5/16	4/4	1	1	1/16		1/16	1		2	74		1290
79	79	3/8	3/8	4/4	1	1	1/16		1/16	1		0	72		1291
79	79	7/16	7/16	4/4	1	1	1/16		1/16	1		-2	70		1292
79	79	1/2	1/2	4/4	1	1	1/16		1/16	1		-1	77		1293
79	79	9/16	9/16	4/4	1	1	1/16		1/16	1		1	79		1294
79	79	5/8	5/8	4/4	1	1	1/16		1/16	1		3	81		1295
79	79	11/16	11/16	4/4	1	1	1/16		1/16	1		-2	82		1296
79	79	3/4	3/4	4/4	1	1	1/16		1/16	1		0	84		1297
79	79	13/16	13/16	4/4	1	1	1/16		1/16	1		2	86		1298
79	79	7/8	7/8	4/4	1	1	1/16		1/16	1		4	88		1299
79	79	15/16	15/16	4/4	1	1	1/16		1/16	1		-1	89		1300
80	80	0	0	4/4	2	1	1		1	1		0	48		1318
80	80	0	0	4/4	2	1	1		1	1		1	55		1318
80	80	0	0	4/4	2	1	1		1	1		-2	58		1318
80	80	0	0	4/4	2	1	1		1	1		4	64		1318
80	80	0	0	4/4	1	1	1/16		1/16	1		1	91		1302
80	80	1/16	1/16	4/4	1	1	1/16		1/16	1		2	86		1303
80	80	1/8	1/8	4/4	1	1	1/16		1/16	1		0	84		1304
80	80	3/16	3/16	4/4	1	1	1/16		1/16	1		-2	82		1305
80	80	1/4	1/4	4/4	1	1	1/16		1/16	1		1	79		1306
80	80	5/16	5/16	4/4	1	1	1/16		1/16	1		2	74		1307
80	80	3/8	3/8	4/4	1	1	1/16		1/16	1		0	72		1308
80	80	7/16	7/16	4/4	1	1	1/16		1/16	1		-2	70		1309
80	80	1/2	1/2	4/4	1	1	1/16		1/16	1		1	79		1310
80	80	9/16	9/16	4/4	1	1	1/16		1/16	1		3	81		1311
80	80	5/8	5/8	4/4	1	1	1/16		1/16	1		-2	82		1312
80	80	11/16	11/16	4/4	1	1	1/16		1/16	1		0	84		1313
80	80	3/4	3/4	4/4	1	1	1/16		1/16	1		2	86		1314
80	80	13/16	13/16	4/4	1	1	1/16		1/16	1		4	88		1315
80	80	7/8	7/8	4/4	1	1	1/16		1/16	1		-1	89		1316
80	80	15/16	15/16	4/4	1	1	1/16		1/16	1		1	91		1317
81	81	0	0	4/4	2	2	1/8		1/8	1		-1	29		1330
81	81	0	0	4/4	2	2	1/8		1/8	1		-1	41		1330
81	81	0	0	4/4	1	1	1/8		1/8	1		3	81		1319
81	81	0	0	4/4	1	1	1/8		1/8	1		-1	89		1319
81	81	0	0	4/4	1	1	1/8		1/8	1		3	93		1319
81	81	1/8	1/8	4/4	2	2	1/8		1/8	1	1	0	48		1331
81	81	1/4	1/4	4/4	2	2	3/4		1/2	3/2	0	0	48		1332
81	81	1/4	1/4	4/4	2	1	1/2		1/2	1	1	3	57		1327
81	81	1/4	1/4	4/4	2	1	1/2		1/2	1	1	0	60		1327
81	81	1/4	1/4	4/4	1	1	1/4		1/4	1	1	-3	63		1320
81	81	1/4	1/4	4/4	1	1	1/4		1/4	1	1	1	67		1320
81	81	1/2	1/2	4/4	1	1	1/8		1/8	1	-1	-3	63		1321
81	81	1/2	1/2	4/4	1	1	1/8		1/8	1	-1	1	67		1321
81	81	5/8	5/8	4/4	1	1	1/16		1/16	1		2	62		1322
81	81	5/8	5/8	4/4	1	1	1/16		1/16	1		-1	65		1322
81	81	11/16	11/16	4/4	1	1	1/16		1/16	1		-3	63		1323
81	81	11/16	11/16	4/4	1	1	1/16		1/16	1		1	67		1323
81	81	3/4	3/4	4/4	2	1	1/8		1/8	1	-1	3	57		1328
81	81	3/4	3/4	4/4	2	1	1/8		1/8	1	-1	0	60		1328
81	81	3/4	3/4	4/4	1	1	1/8		1/8	1		2	62		1324
81	81	3/4	3/4	4/4	1	1	1/8		1/8	1		-1	65		1324
81	81	7/8	7/8	4/4	2	1	1/8		1/8	1	1	-1	53		1329
81	81	7/8	7/8	4/4	2	1	1/8		1/8	1	1	3	57		1329
81	81	7/8	7/8	4/4	1	1	1/16		1/16	1		0	60		1325
81	81	7/8	7/8	4/4	1	1	1/16		1/16	1		-3	63		1325
81	81	15/16	15/16	4/4	1	1	1/16		1/16	1		2	62		1326
81	81	15/16	15/16	4/4	1	1	1/16		1/16	1		-1	65		1326
82	82	0	0	4/4	2	2	1/2		1/2	1	-1	0	48		1349
82	82	0	0	4/4	2	1	1/2		1/2	1	-1	-1	53		1346
82	82	0	0	4/4	2	1	1/2		1/2	1	-1	3	57		1346
82	82	0	0	4/4	1	1	1/8		1/8	1		0	60		1333
82	82	0	0	4/4	1	1	1/8		1/8	1		-3	63		1333
82	82	1/8	1/8	4/4	1	1	1/8		1/8	1		0	60		1334
82	82	1/8	1/8	4/4	1	2	3/8		1/4	3/2		0	60		1345
82	82	1/4	1/4	4/4	1	1	1/8		1/8	1		2	62		1335
82	82	3/8	3/8	4/4	1	1	1/8		1/8	1		-3	63		1336
82	82	1/2	1/2	4/4	2	2	1/2		1/2	1		0	48		1350
82	82	1/2	1/2	4/4	2	2	1/2		1/2	1		1	55		1350
82	82	1/2	1/2	4/4	2	2	1/2		1/2	1		-2	58		1350
82	82	1/2	1/2	4/4	2	1	1/4		1/4	1		4	64		1347
82	82	1/2	1/2	4/4	1	1	1/16		1/16	1		1	79		1337
82	82	9/16	9/16	4/4	1	1	1/16		1/16	1		3	81		1338
82	82	5/8	5/8	4/4	1	1	1/16		1/16	1		-2	82		1339
82	82	11/16	11/16	4/4	1	1	1/16		1/16	1		0	84		1340
82	82	3/4	3/4	4/4	2	1	1/4		1/4	1		2	62		1348
82	82	3/4	3/4	4/4	1	1	1/16		1/16	1		2	86		1341
82	82	13/16	13/16	4/4	1	1	1/16		1/16	1		4	88		1342
82	82	7/8	7/8	4/4	1	1	1/16		1/16	1		-1	89		1343
82	82	15/16	15/16	4/4	1	1	1/16		1/16	1		1	91		1344
83	83	0	0	4/4	2	2	1/8		1/8	1		-1	29		1362
83	83	0	0	4/4	2	2	1/8		1/8	1		-1	41		1362
83	83	0	0	4/4	1	1	1/8		1/8	1		3	81		1351
83	83	0	0	4/4	1	1	1/8		1/8	1		-1	89		1351
83	83	0	0	4/4	1	1	1/8		1/8	1		3	93		1351
83	83	1/8	1/8	4/4	2	2	1/8		1/8	1	1	0	48		1363
83	83	1/4	1/4	4/4	2	2	3/4		1/2	3/2	0	0	48		1364
83	83	1/4	1/4	4/4	2	1	1/2		1/2	1	1	3	57		1359
83	83	1/4	1/4	4/4	2	1	1/2		1/2	1	1	0	60		1359
83	83	1/4	1/4	4/4	1	1	1/4		1/4	1	1	-3	63		1352
83	83	1/4	1/4	4/4	1	1	1/4		1/4	1	1	1	67		1352
83	83	1/2	1/2	4/4	1	1	1/8		1/8	1	-1	-3	63		1353
83	83	1/2	1/2	4/4	1	1	1/8		1/8	1	-1	1	67		1353
83	83	5/8	5/8	4/4	1	1	1/16		1/16	1		2	62		1354
83	83	5/8	5/8	4/4	1	1	1/16		1/16	1		-1	65		1354
83	83	11/16	11/16	4/4	1	1	1/16		1/16	1		-3	63		1355
83	83	11/16	11/16	4/4	1	1	1/16		1/16	1		1	67		1355
83	83	3/4	3/4	4/4	2	1	1/8		1/8	1	-1	3	57		1360
83	83	3/4	3/4	4/4	2	1	1/8		1/8	1	-1	0	60		1360
83	83	3/4	3/4	4/4	1	1	1/8		1/8	1		2	62		1356
83	83	3/4	3/4	4/4	1	1	1/8		1/8	1		-1	65		1356
83	83	7/8	7/8	4/4	2	1	1/8		1/8	1	1	-1	53		1361
83	83	7/8	7/8	4/4	2	1	1/8		1/8	1	1	3	57		1361
83	83	7/8	7/8	4/4	1	1	1/16		1/16	1		0	60		1357
83	83	7/8	7/8	4/4	1	1	1/16		1/16	1		-3	63		1357
83	83	15/16	15/16	4/4	1	1	1/16		1/16	1		2	62		1358
83	83	15/16	15/16	4/4	1	1	1/16		1/16	1		-1	65		1358
84	84	0	0	4/4	2	2	1/2		1/2	1	-1	0	48		1380
84	84	0	0	4/4	2	1	1/2		1/2	1	-1	-1	53		1377
84	84	0	0	4/4	2	1	1/2		1/2	1	-1	3	57		1377
84	84	0	0	4/4	1	1	1/8		1/8	1		0	60		1365
84	84	0	0	4/4	1	1	1/8		1/8	1		-3	63		1365
84	84	1/8	1/8	4/4	1	1	1/8		1/8	1		0	60		1366
84	84	1/4	1/4	4/4	1	1	1/8		1/8	1		2	62		1367
84	84	3/8	3/8	4/4	1	1	1/8		1/8	1		-3	63		1368
84	84	1/2	1/2	4/4	2	2	1/2		1/2	1		0	48		1381
84	84	1/2	1/2	4/4	2	2	1/2		1/2	1		1	55		1381
84	84	1/2	1/2	4/4	2	2	1/2		1/2	1		-2	58		1381
84	84	1/2	1/2	4/4	2	1	1/4		1/4	1		4	64		1378
84	84	1/2	1/2	4/4	1	1	1/16		1/16	1		1	79		1369
84	84	9/16	9/16	4/4	1	1	1/16		1/16	1		3	81		1370
84	84	5/8	5/8	4/4	1	1	1/16		1/16	1		-2	82		1371
84	84	11/16	11/16	4/4	1	1	1/16		1/16	1		0	84		1372
84	84	3/4	3/4	4/4	2	1	1/4		1/4	1		2	62		1379
84	84	3/4	3/4	4/4	1	1	1/16		1/16	1		2	86		1373
84	84	13/16	13/16	4/4	1	1	1/16		1/16	1		4	88		1374
84	84	7/8	7/8	4/4	1	1	1/16		1/16	1		-1	89		1375
84	84	15/16	15/16	4/4	1	1	1/16		1/16	1		1	91		1376
85	85	0	0	4/4	2	2	1/8		1/8	1		-2	34		1396
85	85	0	0	4/4	2	2	1/8		1/8	1		-2	46		1396
85	85	0	0	4/4	1	1	1/8		1/8	1		-2	82		1382
85	85	0	0	4/4	1	1	1/8		1/8	1		2	86		1382
85	85	0	0	4/4	1	1	1/8		1/8	1		-2	94		1382
85	85	1/8	1/8	4/4	2	2	1/8		1/8	1		-1	53		1397
85	85	1/4	1/4	4/4	2	2	1/4		1/4	1	1	-2	58		1398
85	85	1/4	1/4	4/4	2	1	1/2		1/2	1	1	2	62		1393
85	85	1/4	1/4	4/4	1	2	1/2		1/2	1	1	-1	65		1390
85	85	1/4	1/4	4/4	1	1	1/4		1/4	1	1	-2	70		1383
85	85	1/2	1/2	4/4	2	2	1/8		1/8	1	-1	-2	58		1399
85	85	1/2	1/2	4/4	1	1	1/8		1/8	1	-1	-2	70		1384
85	85	5/8	5/8	4/4	2	2	1/16		1/16	1		3	57		1400
85	85	5/8	5/8	4/4	1	1	1/16		1/16	1		3	69		1385
85	85	11/16	11/16	4/4	2	2	1/16		1/16	1		-2	58		1401
85	85	11/16	11/16	4/4	1	1	1/16		1/16	1		-2	70		1386
85	85	3/4	3/4	4/4	2	2	1/8		1/8	1		3	57		1402
85	85	3/4	3/4	4/4	2	1	1/8		1/8	1	-1	2	62		1394
85	85	3/4	3/4	4/4	1	2	1/8		1/8	1	-1	-1	65		1391
85	85	3/4	3/4	4/4	1	1	1/8		1/8	1		3	69		1387
85	85	7/8	7/8	4/4	2	2	1/16		1/16	1		1	55		1403
85	85	7/8	7/8	4/4	2	1	1/8		1/8	1		-2	58		1395
85	85	7/8	7/8	4/4	1	2	1/8		1/8	1		2	62		1392
85	85	7/8	7/8	4/4	1	1	1/16		1/16	1		1	67		1388
85	85	15/16	15/16	4/4	2	2	1/16		1/16	1		3	57		1404
85	85	15/16	15/16	4/4	1	1	1/16		1/16	1		3	69		1389
86	86	0	0	4/4	2	2	1/8		1/8	1		1	55		1415
86	86	0	0	4/4	2	1	1/4		1/4	1		-2	58		1414
86	86	0	0	4/4	1	2	1/4		1/4	1		2	62		1413
86	86	0	0	4/4	1	1	1/8		1/8	1		1	67		1405
86	86	1/8	1/8	4/4	2	2	1/8		1/8	1		-1	53		1416
86	86	1/8	1/8	4/4	1	1	1/8		1/8	1		-1	65		1406
86	86	1/4	1/4	4/4	2	2	1/8		1/8	1		1	55		1417
86	86	1/4	1/4	4/4	1	1	1/8		1/8	1		1	67		1407
86	86	3/8	3/8	4/4	2	2	1/8		1/8	1		3	57		1418
86	86	3/8	3/8	4/4	1	1	1/8		1/8	1		3	69		1408
86	86	1/2	1/2	4/4	2	2	1/8		1/8	1		-2	58		1419
86	86	1/2	1/2	4/4	1	1	1/8		1/8	1		-2	70		1409
86	86	5/8	5/8	4/4	2	2	1/8		1/8	1		0	60		1420
86	86	5/8	5/8	4/4	1	1	1/8		1/8	1		0	72		1410
86	86	3/4	3/4	4/4	2	2	1/8		1/8	1		2	62		1421
86	86	3/4	3/4	4/4	1	1	1/8		1/8	1		2	74		1411
86	86	7/8	7/8	4/4	2	2	1/8		1/8	1		-1	65		1422
86	86	7/8	7/8	4/4	1	1	1/8		1/8	1		-1	77		1412
87	87	0	0	4/4	2	1	1/2		1/2	1		2	62		1432
87	87	0	0	4/4	2	1	1/2		1/2	1		-1	65		1432
87	87	0	0	4/4	2	1	1/2		1/2	1		-2	70		1432
87	87	0	0	4/4	2	1	1/2		1/2	1		0	72		1432
87	87	0	0	4/4	1	2	1/2		1/2	1		-1	77		1424
87	87	0	0	4/4	1	2	1/2		1/2	1		-2	82		1424
87	87	0	0	4/4	1	1	1		1	1		0	84		1423
87	87	1/2	1/2	4/4	2	1	1/4		1/4	1		0	60		1433
87	87	1/2	1/2	4/4	2	1	1/4		1/4	1		-1	65		1433
87	87	1/2	1/2	4/4	2	1	1/4		1/4	1		3	69		1433
87	87	1/2	1/2	4/4	2	1	1/4		1/4	1		0	72		1433
87	87	1/2	1/2	4/4	1	2	1/4		1/4	1		-1	77		1425
87	87	1/2	1/2	4/4	1	2	1/4		1/4	1		3	81		1425
87	87	3/4	3/4	4/4	2	1	1/4		1/4	1		-2	58		1434
87	87	3/4	3/4	4/4	2	1	1/4		1/4	1		2	62		1434
87	87	3/4	3/4	4/4	2	1	1/4		1/4	1		-1	65		1434
87	87	3/4	3/4	4/4	2	1	1/4		1/4	1		1	67		1434
87	87	3/4	3/4	4/4	1	2	1/24		1/16	2/3		2	74		1426
87	87	3/4	3/4	4/4	1	2	1/24		1/16	2/3		1	79		1426
87	87	19/24	19/24	4/4	1	2	1/24		1/16	2/3		3	81		1427
87	87	5/6	5/6	4/4	1	2	1/24		1/16	2/3		1	79		1428
87	87	7/8	7/8	4/4	1	2	1/24		1/16	2/3		-1	77		1429
87	87	11/12	11/12	4/4	1	2	1/24		1/16	2/3		2	74		1430
87	87	23/24	23/24	4/4	1	2	1/24		1/16	2/3		-1	77		1431
88	88	0	0	4/4	2	1	1/4		1/4	1		-1	53		1437
88	88	0	0	4/4	2	1	1/4		1/4	1		0	60		1437
88	88	0	0	4/4	2	1	1/4		1/4	1		-1	65		1437
88	88	0	0	4/4	2	1	1/4		1/4	1		3	69		1437
88	88	0	0	4/4	1	1	1/4		1/4	1		0	72		1435
88	88	0	0	4/4	1	1	1/4		1/4	1		-1	77		1435
88	88	0	0	4/4	1	2	1/4		1/4	1		3	81		1436
88	88	0	0	4/4	1	1	1/4		1/4	1		0	84		1435
89	89	0	0	4/4	2	1	1/4		1/4	1		-1	29		1439
89	89	0	0	4/4	2	1	1/4		1/4	1		0	36		1439
89	89	0	0	4/4	2	1	1/4		1/4	1		-1	41		1439
89	89	0	0	4/4	1	1	1/4		1/4	1		-1	77		1438
89	89	0	0	4/4	1	1	1/4		1/4	1		3	81		1438
89	89	0	0	4/4	1	1	1/4		1/4	1		0	84		1438
89	89	0	0	4/4	1	1	1/4		1/4	1		-1	89		1438
