mc	mn	mc_onset	mn_onset	timesig	staff	voice	duration	nominal_duration	scalar	tied	tpc	midi	volta	chord_id
1	1	0	0	4/4	2	1	1/8	1/8	1		6	42		0
1	1	1/8	1/8	4/4	2	1	1/8	1/8	1		7	49		1
1	1	1/4	1/4	4/4	2	1	1/8	1/8	1		3	57		2
1	1	3/8	3/8	4/4	2	1	1/8	1/8	1		7	49		3
1	1	1/2	1/2	4/4	2	1	1/8	1/8	1		8	44		4
1	1	5/8	5/8	4/4	2	1	1/8	1/8	1		7	49		5
1	1	3/4	3/4	4/4	2	1	1/8	1/8	1		5	59		6
1	1	7/8	7/8	4/4	2	1	1/8	1/8	1		7	49		7
2	2	0	0	4/4	2	1	1/8	1/8	1		3	45		8
2	2	1/8	1/8	4/4	2	1	1/8	1/8	1		6	54		9
2	2	1/4	1/4	4/4	2	1	1/8	1/8	1		7	61		10
2	2	3/8	3/8	4/4	2	1	1/8	1/8	1		6	54		11
2	2	1/2	1/2	4/4	2	1	1/8	1/8	1		5	47		12
2	2	5/8	5/8	4/4	2	1	1/8	1/8	1		6	54		13
2	2	3/4	3/4	4/4	2	1	1/8	1/8	1		2	62		14
2	2	7/8	7/8	4/4	2	1	1/8	1/8	1		6	54		15
3	3	0	0	4/4	2	1	1/8	1/8	1		6	42		19
3	3	0	0	4/4	1	1	1/4	1/4	1		6	66		16
3	3	1/8	1/8	4/4	2	1	1/8	1/8	1		7	49		20
3	3	1/4	1/4	4/4	2	1	1/8	1/8	1		3	57		21
3	3	1/4	1/4	4/4	1	1	1/4	1/4	1		7	73		17
3	3	3/8	3/8	4/4	2	1	1/8	1/8	1		7	49		22
3	3	1/2	1/2	4/4	2	1	1/8	1/8	1		8	44		23
3	3	1/2	1/2	4/4	1	1	1/2	1/2	1	1	5	71		18
3	3	5/8	5/8	4/4	2	1	1/8	1/8	1		7	49		24
3	3	3/4	3/4	4/4	2	1	1/8	1/8	1		5	59		25
3	3	7/8	7/8	4/4	2	1	1/8	1/8	1		7	49		26
4	4	0	0	4/4	2	1	1/8	1/8	1		3	45		33
4	4	0	0	4/4	1	1	1/4	1/4	1	-1	5	71		27
4	4	1/8	1/8	4/4	2	1	1/8	1/8	1		6	54		34
4	4	1/4	1/4	4/4	2	1	1/8	1/8	1		7	61		35
4	4	1/4	1/4	4/4	1	1	1/8	1/8	1		3	69		28
4	4	3/8	3/8	4/4	2	1	1/8	1/8	1		6	54		36
4	4	3/8	3/8	4/4	1	1	1/8	1/8	1		8	68		29
4	4	1/2	1/2	4/4	2	1	1/8	1/8	1		5	47		37
4	4	1/2	1/2	4/4	1	1	1/4	1/4	1		6	66		30
4	4	5/8	5/8	4/4	2	1	1/8	1/8	1		6	54		38
4	4	3/4	3/4	4/4	2	1	1/8	1/8	1		2	62		39
4	4	3/4	3/4	4/4	1	1	1/8	1/8	1		4	64		31
4	4	7/8	7/8	4/4	2	1	1/8	1/8	1		6	54		40
4	4	7/8	7/8	4/4	1	1	1/8	1/8	1		2	62		32
5	5	0	0	4/4	2	1	1/8	1/8	1		6	42		46
5	5	0	0	4/4	1	1	1/4	1/4	1		7	61		41
5	5	1/8	1/8	4/4	2	1	1/8	1/8	1		7	49		47
5	5	1/4	1/4	4/4	2	1	1/8	1/8	1		3	57		48
5	5	1/4	1/4	4/4	1	1	1/8	1/8	1		2	62		42
5	5	3/8	3/8	4/4	2	1	1/8	1/8	1		7	49		49
5	5	3/8	3/8	4/4	1	1	1/8	1/8	1		4	64		43
5	5	1/2	1/2	4/4	2	1	1/8	1/8	1		3	45		50
5	5	1/2	1/2	4/4	1	1	1/4	1/4	1		6	66		44
5	5	5/8	5/8	4/4	2	1	1/8	1/8	1		6	54		51
5	5	3/4	3/4	4/4	2	1	1/8	1/8	1		7	61		52
5	5	3/4	3/4	4/4	1	1	1/4	1/4	1		3	69		45
5	5	7/8	7/8	4/4	2	1	1/8	1/8	1		6	54		53
6	6	0	0	4/4	2	1	1/8	1/8	1		7	49		55
6	6	0	0	4/4	1	1	1	1	1	1	8	68		54
6	6	1/8	1/8	4/4	2	1	1/8	1/8	1		8	56		56
6	6	1/4	1/4	4/4	2	1	1/8	1/8	1		4	64		57
6	6	3/8	3/8	4/4	2	1	1/8	1/8	1		8	56		58
6	6	1/2	1/2	4/4	2	1	1/8	1/8	1		5	47		59
6	6	5/8	5/8	4/4	2	1	1/8	1/8	1		8	56		60
6	6	3/4	3/4	4/4	2	1	1/8	1/8	1		7	61		61
6	6	7/8	7/8	4/4	2	1	1/8	1/8	1		8	56		62
7	7	0	0	4/4	2	1	1/8	1/8	1		3	45		70
7	7	0	0	4/4	1	1	1/8	1/8	1	-1	8	68		63
7	7	1/8	1/8	4/4	2	1	1/8	1/8	1		6	54		71
7	7	1/8	1/8	4/4	1	1	1/8	1/8	1		6	66		64
7	7	1/4	1/4	4/4	2	1	1/8	1/8	1		7	61		72
7	7	1/4	1/4	4/4	1	1	1/8	1/8	1		8	68		65
7	7	3/8	3/8	4/4	2	1	1/8	1/8	1		6	54		73
7	7	3/8	3/8	4/4	1	1	1/8	1/8	1		3	69		66
7	7	1/2	1/2	4/4	2	1	1/8	1/8	1		8	44		74
7	7	1/2	1/2	4/4	1	2	1/4	1/4	1		6	66		68
7	7	1/2	1/2	4/4	1	1	1/2	1/2	1	1	5	71		67
7	7	5/8	5/8	4/4	2	1	1/8	1/8	1		7	49		75
7	7	3/4	3/4	4/4	2	1	1/8	1/8	1		5	59		76
7	7	3/4	3/4	4/4	1	2	1/4	1/4	1		11	65		69
7	7	7/8	7/8	4/4	2	1	1/8	1/8	1		7	49		77
8	8	0	0	4/4	2	1	1/8	1/8	1		6	42		86
8	8	0	0	4/4	1	2	1/4	1/4	1		7	61		83
8	8	0	0	4/4	1	1	1/8	1/8	1	-1	5	71		78
8	8	1/8	1/8	4/4	2	1	1/8	1/8	1		7	49		87
8	8	1/8	1/8	4/4	1	1	1/8	1/8	1		3	69		79
8	8	1/4	1/4	4/4	2	1	1/8	1/8	1		3	57		88
8	8	1/4	1/4	4/4	1	1	1/8	1/8	1		5	71		80
8	8	3/8	3/8	4/4	2	1	1/8	1/8	1		7	49		89
8	8	3/8	3/8	4/4	1	1	1/8	1/8	1		7	73		81
8	8	1/2	1/2	4/4	2	1	1/8	1/8	1		5	47		90
8	8	1/2	1/2	4/4	1	2	1/4	1/4	1		3	69		84
8	8	1/2	1/2	4/4	1	1	1/2	1/2	1	1	2	74		82
8	8	5/8	5/8	4/4	2	1	1/8	1/8	1		4	52		91
8	8	3/4	3/4	4/4	2	1	1/8	1/8	1		2	62		92
8	8	3/4	3/4	4/4	1	2	1/4	1/4	1		8	68		85
8	8	7/8	7/8	4/4	2	1	1/8	1/8	1		4	52		93
9	9	0	0	4/4	2	1	1/8	1/8	1		3	45		101
9	9	0	0	4/4	1	2	1/4	1/4	1		4	64		99
9	9	0	0	4/4	1	1	1/8	1/8	1	-1	2	74		94
9	9	1/8	1/8	4/4	2	1	1/8	1/8	1		4	52		102
9	9	1/8	1/8	4/4	1	1	1/8	1/8	1		7	73		95
9	9	1/4	1/4	4/4	2	1	1/8	1/8	1		3	57		103
9	9	1/4	1/4	4/4	1	1	1/8	1/8	1		2	74		96
9	9	3/8	3/8	4/4	2	1	1/8	1/8	1		7	61		104
9	9	3/8	3/8	4/4	1	1	1/8	1/8	1		4	76		97
9	9	1/2	1/2	4/4	2	1	1/8	1/8	1		2	50		105
9	9	1/2	1/2	4/4	1	2	1/2	1/2	1	1	2	74		100
9	9	1/2	1/2	4/4	1	1	1/2	1/2	1	1	6	78		98
9	9	5/8	5/8	4/4	2	1	1/8	1/8	1		3	57		106
9	9	3/4	3/4	4/4	2	1	1/8	1/8	1		2	62		107
9	9	7/8	7/8	4/4	2	1	1/8	1/8	1		6	66		108
10	10	0	0	4/4	2	1	1/8	1/8	1		3	57		112
10	10	0	0	4/4	1	2	1/4	1/4	1	-1	2	74		111
10	10	0	0	4/4	1	1	1/2	1/2	1	-1	6	78		109
10	10	1/8	1/8	4/4	2	1	1/8	1/8	1		2	62		113
10	10	1/4	1/4	4/4	2	1	1/8	1/8	1		6	66		114
10	10	3/8	3/8	4/4	2	1	1/8	1/8	1		3	69		115
10	10	1/2	1/2	4/4	1	1	1/2	1/2	1	1	6	66		110
10	10	5/8	5/8	4/4	2	1	1/8	1/8	1		2	62		116
10	10	3/4	3/4	4/4	2	1	1/8	1/8	1		7	61		117
10	10	7/8	7/8	4/4	2	1	1/8	1/8	1		5	59		118
11	11	0	0	4/4	2	1	1/8	1/8	1		3	57		122
11	11	0	0	4/4	1	1	1/4	1/4	1	-1	6	66		119
11	11	1/8	1/8	4/4	2	1	1/8	1/8	1		7	61		123
11	11	1/4	1/4	4/4	2	1	1/8	1/8	1		3	57		124
11	11	1/4	1/4	4/4	1	1	1/4	1/4	1		7	73		120
11	11	3/8	3/8	4/4	2	1	1/8	1/8	1		6	54		125
11	11	1/2	1/2	4/4	2	1	1/8	1/8	1		8	56		126
11	11	1/2	1/2	4/4	1	1	1/2	1/2	1	1	5	71		121
11	11	5/8	5/8	4/4	2	1	1/8	1/8	1		5	59		127
11	11	3/4	3/4	4/4	2	1	1/8	1/8	1		4	64		128
11	11	7/8	7/8	4/4	2	1	1/8	1/8	1		6	54		129
12	12	0	0	4/4	2	1	1/8	1/8	1		4	52		136
12	12	0	0	4/4	1	1	1/4	1/4	1	-1	5	71		130
12	12	1/8	1/8	4/4	2	1	1/8	1/8	1		5	59		137
12	12	1/4	1/4	4/4	2	1	1/8	1/8	1		4	64		138
12	12	1/4	1/4	4/4	1	1	1/8	1/8	1		3	69		131
12	12	3/8	3/8	4/4	2	1	1/8	1/8	1		5	59		139
12	12	3/8	3/8	4/4	1	1	1/8	1/8	1		8	68		132
12	12	1/2	1/2	4/4	2	1	1/8	1/8	1		5	47		140
12	12	1/2	1/2	4/4	1	1	1/4	1/4	1		6	66		133
12	12	5/8	5/8	4/4	2	1	1/8	1/8	1		8	56		141
12	12	3/4	3/4	4/4	2	1	1/8	1/8	1		2	62		142
12	12	3/4	3/4	4/4	1	1	1/8	1/8	1		4	64		134
12	12	7/8	7/8	4/4	2	1	1/8	1/8	1		4	52		143
12	12	7/8	7/8	4/4	1	1	1/8	1/8	1		2	62		135
13	13	0	0	4/4	2	1	1/8	1/8	1		7	49		149
13	13	1/8	1/8	4/4	2	1	1/8	1/8	1		4	52		150
13	13	1/8	1/8	4/4	1	1	1/8	1/8	1		7	61		144
13	13	1/4	1/4	4/4	2	1	1/8	1/8	1		3	57		151
13	13	1/4	1/4	4/4	1	1	1/8	1/8	1		2	62		145
13	13	3/8	3/8	4/4	2	1	1/8	1/8	1		4	52		152
13	13	3/8	3/8	4/4	1	1	1/8	1/8	1		4	64		146
13	13	1/2	1/2	4/4	2	1	1/8	1/8	1		2	50		153
13	13	1/2	1/2	4/4	1	1	1/4	1/4	1		6	66		147
13	13	5/8	5/8	4/4	2	1	1/8	1/8	1		3	57		154
13	13	3/4	3/4	4/4	2	1	1/8	1/8	1		2	62		155
13	13	3/4	3/4	4/4	1	1	1/4	1/4	1		3	69		148
13	13	7/8	7/8	4/4	2	1	1/8	1/8	1		7	49		156
14	14	0	0	4/4	2	1	1/8	1/8	1		12	48		158
14	14	0	0	4/4	1	1	1	1	1	1	6	66		157
14	14	0	0	4/4	1	1	1	1	1	1	8	68		157
14	14	1/8	1/8	4/4	2	1	1/8	1/8	1		8	56		159
14	14	1/4	1/4	4/4	2	1	1/8	1/8	1		9	63		160
14	14	3/8	3/8	4/4	2	1	1/8	1/8	1		8	56		161
14	14	1/2	1/2	4/4	2	1	1/8	1/8	1		12	48		162
14	14	5/8	5/8	4/4	2	1	1/8	1/8	1		8	56		163
14	14	3/4	3/4	4/4	2	1	1/8	1/8	1		9	63		164
14	14	7/8	7/8	4/4	2	1	1/8	1/8	1		8	56		165
15	15	0	0	4/4	2	1	1/8	1/8	1		12	48		169
15	15	0	0	4/4	1	1	1/2	1/2	1	-1	6	66		166
15	15	0	0	4/4	1	1	1/2	1/2	1	-1	8	68		166
15	15	1/8	1/8	4/4	2	1	1/8	1/8	1		8	56		170
15	15	1/4	1/4	4/4	2	1	1/8	1/8	1		9	63		171
15	15	3/8	3/8	4/4	2	1	1/8	1/8	1		8	56		172
15	15	1/2	1/2	4/4	2	1	1/8	1/8	1		7	49		173
15	15	1/2	1/2	4/4	1	1	1/4	1/4	1		6	66		167
15	15	1/2	1/2	4/4	1	1	1/4	1/4	1		3	69		167
15	15	5/8	5/8	4/4	2	1	1/8	1/8	1		3	57		174
15	15	3/4	3/4	4/4	2	1	1/8	1/8	1		4	64		175
15	15	3/4	3/4	4/4	1	1	1/4	1/4	1		4	76		168
15	15	3/4	3/4	4/4	1	1	1/4	1/4	1		8	80		168
15	15	7/8	7/8	4/4	2	1	1/8	1/8	1		3	57		176
16	16	0	0	4/4	2	1	1/8	1/8	1		12	48		180
16	16	0	0	4/4	1	1	1/2	1/2	1		6	66		177
16	16	0	0	4/4	1	1	1/2	1/2	1		8	68		177
16	16	1/8	1/8	4/4	2	1	1/8	1/8	1		8	56		181
16	16	1/4	1/4	4/4	2	1	1/8	1/8	1		9	63		182
16	16	3/8	3/8	4/4	2	1	1/8	1/8	1		8	56		183
16	16	1/2	1/2	4/4	2	1	1/8	1/8	1		5	47		184
16	16	1/2	1/2	4/4	1	1	1/4	1/4	1		2	62		178
16	16	1/2	1/2	4/4	1	1	1/4	1/4	1		6	66		178
16	16	5/8	5/8	4/4	2	1	1/8	1/8	1		4	52		185
16	16	3/4	3/4	4/4	2	1	1/8	1/8	1		8	56		186
16	16	3/4	3/4	4/4	2	1	1/8	1/8	1		2	62		186
16	16	3/4	3/4	4/4	1	1	1/4	1/4	1		7	73		179
16	16	3/4	3/4	4/4	1	1	1/4	1/4	1		4	76		179
16	16	7/8	7/8	4/4	2	1	1/8	1/8	1		4	52		187
17	17	0	0	4/4	2	1	1/8	1/8	1		3	45		191
17	17	0	0	4/4	1	1	1/4	1/4	1		7	61		188
17	17	0	0	4/4	1	1	1/4	1/4	1		4	64		188
17	17	1/8	1/8	4/4	2	1	1/8	1/8	1		4	52		192
17	17	1/4	1/4	4/4	2	1	1/8	1/8	1		7	61		193
17	17	3/8	3/8	4/4	2	1	1/8	1/8	1		4	52		194
17	17	1/2	1/2	4/4	2	1	1/8	1/8	1		6	42		195
17	17	1/2	1/2	4/4	1	1	1/4	1/4	1		5	59		189
17	17	1/2	1/2	4/4	1	1	1/4	1/4	1		9	63		189
17	17	5/8	5/8	4/4	2	1	1/8	1/8	1		5	47		196
17	17	3/4	3/4	4/4	2	1	1/8	1/8	1		3	57		197
17	17	3/4	3/4	4/4	1	1	1/4	1/4	1		3	69		190
17	17	3/4	3/4	4/4	1	1	1/4	1/4	1		7	73		190
17	17	7/8	7/8	4/4	2	1	1/8	1/8	1		5	47		198
18	18	0	0	4/4	2	1	1/8	1/8	1		7	37		200
18	18	0	0	4/4	1	1	1	1	1	1	8	56		199
18	18	0	0	4/4	1	1	1	1	1	1	7	61		199
18	18	1/8	1/8	4/4	2	1	1/8	1/8	1		8	44		201
18	18	1/4	1/4	4/4	2	1	1/8	1/8	1		11	53		202
18	18	3/8	3/8	4/4	2	1	1/8	1/8	1		8	44		203
18	18	1/2	1/2	4/4	2	1	1/8	1/8	1		7	37		204
18	18	5/8	5/8	4/4	2	1	1/8	1/8	1		8	44		205
18	18	3/4	3/4	4/4	2	1	1/8	1/8	1		11	53		206
18	18	7/8	7/8	4/4	2	1	1/8	1/8	1		8	44		207
19	19	0	0	4/4	2	1	1/8	1/8	1		7	37		211
19	19	0	0	4/4	1	1	1/2	1/2	1	-1	8	56		208
19	19	0	0	4/4	1	1	1/2	1/2	1	-1	7	61		208
19	19	1/8	1/8	4/4	2	1	1/8	1/8	1		8	44		212
19	19	1/4	1/4	4/4	2	1	1/8	1/8	1		11	53		213
19	19	3/8	3/8	4/4	2	1	1/8	1/8	1		8	44		214
19	19	1/2	1/2	4/4	2	1	1/8	1/8	1		5	47		215
19	19	1/2	1/2	4/4	1	1	1/4	1/4	1		5	59		209
19	19	1/2	1/2	4/4	1	1	1/4	1/4	1		2	62		209
19	19	5/8	5/8	4/4	2	1	1/8	1/8	1		6	54		216
19	19	3/4	3/4	4/4	2	1	1/8	1/8	1		3	57		217
19	19	3/4	3/4	4/4	1	1	1/4	1/4	1		6	66		210
19	19	3/4	3/4	4/4	1	1	1/4	1/4	1		3	69		210
19	19	7/8	7/8	4/4	2	1	1/8	1/8	1		7	61		218
20	20	0	0	4/4	2	1	1/8	1/8	1		4	52		223
20	20	0	0	4/4	1	1	1/2	1/2	1	1	4	64		219
20	20	0	0	4/4	1	1	1/2	1/2	1	1	8	68		219
20	20	1/8	1/8	4/4	2	1	1/8	1/8	1		5	59		224
20	20	1/4	1/4	4/4	2	1	1/8	1/8	1		2	62		225
20	20	3/8	3/8	4/4	2	1	1/8	1/8	1		5	59		226
20	20	1/2	1/2	4/4	2	1	1/8	1/8	1		4	52		227
20	20	1/2	1/2	4/4	1	1	1/8	1/8	1	-1	4	64		220
20	20	1/2	1/2	4/4	1	1	1/8	1/8	1	-1	8	68		220
20	20	5/8	5/8	4/4	2	1	1/8	1/8	1		5	59		228
20	20	5/8	5/8	4/4	1	1	1/8	1/8	1		6	66		221
20	20	5/8	5/8	4/4	1	1	1/8	1/8	1		3	69		221
20	20	3/4	3/4	4/4	2	1	1/8	1/8	1		4	52		229
20	20	3/4	3/4	4/4	1	1	1/4	1/4	1	1	8	68		222
20	20	3/4	3/4	4/4	1	1	1/4	1/4	1	1	5	71		222
20	20	7/8	7/8	4/4	2	1	1/8	1/8	1		5	47		230
21	21	0	0	4/4	2	1	1/8	1/8	1		4	40		235
21	21	0	0	4/4	1	1	1/4	1/4	1	-1	8	68		231
21	21	0	0	4/4	1	1	1/4	1/4	1	-1	5	71		231
21	21	1/8	1/8	4/4	2	1	1/8	1/8	1		5	47		236
21	21	1/4	1/4	4/4	2	1	1/8	1/8	1		4	52		237
21	21	1/4	1/4	4/4	1	1	1/4	1/4	1		3	69		232
21	21	1/4	1/4	4/4	1	1	1/4	1/4	1		7	73		232
21	21	3/8	3/8	4/4	2	1	1/8	1/8	1		8	56		238
21	21	1/2	1/2	4/4	2	1	1/8	1/8	1		5	47		239
21	21	1/2	1/2	4/4	1	1	1/4	1/4	1		5	59		233
21	21	1/2	1/2	4/4	1	1	1/4	1/4	1		2	62		233
21	21	5/8	5/8	4/4	2	1	1/8	1/8	1		6	54		240
21	21	3/4	3/4	4/4	2	1	1/8	1/8	1		3	57		241
21	21	3/4	3/4	4/4	1	1	1/4	1/4	1		6	66		234
21	21	3/4	3/4	4/4	1	1	1/4	1/4	1		3	69		234
21	21	7/8	7/8	4/4	2	1	1/8	1/8	1		7	61		242
22	22	0	0	4/4	2	1	1/8	1/8	1		4	52		247
22	22	0	0	4/4	1	1	1/2	1/2	1	1	4	64		243
22	22	0	0	4/4	1	1	1/2	1/2	1	1	8	68		243
22	22	1/8	1/8	4/4	2	1	1/8	1/8	1		5	59		248
22	22	1/4	1/4	4/4	2	1	1/8	1/8	1		2	62		249
22	22	3/8	3/8	4/4	2	1	1/8	1/8	1		5	59		250
22	22	1/2	1/2	4/4	2	1	1/8	1/8	1		4	52		251
22	22	1/2	1/2	4/4	1	1	1/8	1/8	1	-1	4	64		244
22	22	1/2	1/2	4/4	1	1	1/8	1/8	1	-1	8	68		244
22	22	5/8	5/8	4/4	2	1	1/8	1/8	1		5	59		252
22	22	5/8	5/8	4/4	1	1	1/8	1/8	1		6	66		245
22	22	5/8	5/8	4/4	1	1	1/8	1/8	1		3	69		245
22	22	3/4	3/4	4/4	2	1	1/8	1/8	1		4	52		253
22	22	3/4	3/4	4/4	1	1	1/4	1/4	1	1	8	68		246
22	22	3/4	3/4	4/4	1	1	1/4	1/4	1	1	5	71		246
22	22	7/8	7/8	4/4	2	1	1/8	1/8	1		5	47		254
23	23	0	0	4/4	2	1	1/8	1/8	1		4	40		259
23	23	0	0	4/4	1	1	1/4	1/4	1	-1	8	68		255
23	23	0	0	4/4	1	1	1/4	1/4	1	-1	5	71		255
23	23	1/8	1/8	4/4	2	1	1/8	1/8	1		5	47		260
23	23	1/4	1/4	4/4	2	1	1/8	1/8	1		4	52		261
23	23	1/4	1/4	4/4	1	1	1/4	1/4	1		4	64		256
23	23	1/4	1/4	4/4	1	1	1/4	1/4	1		8	68		256
23	23	3/8	3/8	4/4	2	1	1/8	1/8	1		8	56		262
23	23	1/2	1/2	4/4	2	1	1/8	1/8	1		5	47		263
23	23	1/2	1/2	4/4	1	1	1/4	1/4	1		6	66		257
23	23	1/2	1/2	4/4	1	1	1/4	1/4	1		3	69		257
23	23	5/8	5/8	4/4	2	1	1/8	1/8	1		4	52		264
23	23	3/4	3/4	4/4	2	1	1/8	1/8	1		2	62		265
23	23	3/4	3/4	4/4	1	1	1/4	1/4	1		8	68		258
23	23	3/4	3/4	4/4	1	1	1/4	1/4	1		5	71		258
23	23	7/8	7/8	4/4	2	1	1/8	1/8	1		4	52		266
24	24	0	0	4/4	2	1	1/8	1/8	1		3	45		275
24	24	0	0	4/4	1	2	1/2	1/2	1		1	67		273
24	24	0	0	4/4	1	2	1/2	1/2	1		5	71		273
24	24	0	0	4/4	1	1	1/6	1/4	2/3		7	73		267
24	24	1/8	1/8	4/4	2	1	1/8	1/8	1		4	52		276
24	24	1/6	1/6	4/4	1	1	1/6	1/4	2/3		7	73		268
24	24	1/4	1/4	4/4	2	1	1/8	1/8	1		3	57		277
24	24	1/3	1/3	4/4	1	1	1/6	1/4	2/3		4	76		269
24	24	3/8	3/8	4/4	2	1	1/8	1/8	1		7	61		278
24	24	1/2	1/2	4/4	2	1	1/8	1/8	1		2	50		279
24	24	1/2	1/2	4/4	1	2	1/2	1/2	1		6	66		274
24	24	1/2	1/2	4/4	1	2	1/2	1/2	1		3	69		274
24	24	1/2	1/2	4/4	1	1	1/6	1/4	2/3		7	73		270
24	24	5/8	5/8	4/4	2	1	1/8	1/8	1		3	57		280
24	24	2/3	2/3	4/4	1	1	1/6	1/4	2/3		5	71		271
24	24	3/4	3/4	4/4	2	1	1/8	1/8	1		2	62		281
24	24	5/6	5/6	4/4	1	1	1/6	1/4	2/3		7	73		272
24	24	7/8	7/8	4/4	2	1	1/8	1/8	1		3	57		282
25	25	0	0	4/4	2	1	1/8	1/8	1		6	54		287
25	25	0	0	4/4	1	2	1/2	1/2	1		4	64		286
25	25	0	0	4/4	1	2	1/2	1/2	1		6	66		286
25	25	0	0	4/4	1	1	1/4	1/4	1		3	69		283
25	25	1/8	1/8	4/4	2	1	1/8	1/8	1		3	57		288
25	25	1/4	1/4	4/4	2	1	1/8	1/8	1		7	61		289
25	25	1/4	1/4	4/4	1	1	1/4	1/4	1		7	73		284
25	25	3/8	3/8	4/4	2	1	1/8	1/8	1		3	57		290
25	25	1/2	1/2	4/4	2	1	1/8	1/8	1		5	47		291
25	25	1/2	1/2	4/4	1	1	1/2	1/2	1	1	2	62		285
25	25	1/2	1/2	4/4	1	1	1/2	1/2	1		3	69		285
25	25	1/2	1/2	4/4	1	1	1/2	1/2	1	1	5	71		285
25	25	5/8	5/8	4/4	2	1	1/8	1/8	1		6	54		292
25	25	3/4	3/4	4/4	2	1	1/8	1/8	1		5	59		293
25	25	7/8	7/8	4/4	2	1	1/8	1/8	1		6	54		294
26	26	0	0	4/4	2	1	1/8	1/8	1		4	40		302
26	26	0	0	4/4	1	3	1/2	1/2	1	-1	2	62		299
26	26	0	0	4/4	1	2	1	1	1		1	67		298
26	26	0	0	4/4	1	1	1/4	1/4	1	-1	5	71		295
26	26	1/8	1/8	4/4	2	1	1/8	1/8	1		5	47		303
26	26	1/4	1/4	4/4	2	1	1/8	1/8	1		4	52		304
26	26	1/4	1/4	4/4	1	1	1/4	1/4	1		7	73		296
26	26	3/8	3/8	4/4	2	1	1/8	1/8	1		1	55		305
26	26	1/2	1/2	4/4	2	1	1/8	1/8	1		4	40		306
26	26	1/2	1/2	4/4	1	3	1/4	1/4	1		2	62		300
26	26	1/2	1/2	4/4	1	1	1/2	1/2	1		3	69		297
26	26	5/8	5/8	4/4	2	1	1/8	1/8	1		3	45		307
26	26	3/4	3/4	4/4	2	1	1/8	1/8	1		1	55		308
26	26	3/4	3/4	4/4	1	3	1/4	1/4	1		5	59		301
26	26	7/8	7/8	4/4	2	1	1/8	1/8	1		3	45		309
27	27	0	0	4/4	2	1	1/8	1/8	1		6	42		317
27	27	0	0	4/4	1	2	1/6	1/4	2/3		7	61		311
27	27	0	0	4/4	1	1	1	1	1		6	66		310
27	27	0	0	4/4	1	1	1	1	1	1	3	69		310
27	27	1/8	1/8	4/4	2	1	1/8	1/8	1		7	49		318
27	27	1/6	1/6	4/4	1	2	1/6	1/4	2/3		2	62		312
27	27	1/4	1/4	4/4	2	1	1/8	1/8	1		3	57		319
27	27	1/3	1/3	4/4	1	2	1/6	1/4	2/3		5	59		313
27	27	3/8	3/8	4/4	2	1	1/8	1/8	1		6	54		320
27	27	1/2	1/2	4/4	2	1	1/8	1/8	1		4	40		321
27	27	1/2	1/2	4/4	1	2	1/6	1/4	2/3		7	61		314
27	27	5/8	5/8	4/4	2	1	1/8	1/8	1		3	45		322
27	27	2/3	2/3	4/4	1	2	1/6	1/4	2/3		2	62		315
27	27	3/4	3/4	4/4	2	1	1/8	1/8	1		6	54		323
27	27	5/6	5/6	4/4	1	2	1/6	1/4	2/3		4	64		316
27	27	7/8	7/8	4/4	2	1	1/8	1/8	1		3	45		324
28	28	0	0	4/4	2	1	1/8	1/8	1		2	38		332
28	28	0	0	4/4	1	2	1/6	1/4	2/3		6	66		326
28	28	0	0	4/4	1	1	1/4	1/4	1	-1	3	69		325
28	28	1/8	1/8	4/4	2	1	1/8	1/8	1		3	45		333
28	28	1/6	1/6	4/4	1	2	1/6	1/4	2/3		8	68		327
28	28	1/4	1/4	4/4	2	1	1/8	1/8	1		2	50		334
28	28	1/3	1/3	4/4	1	2	1/6	1/4	2/3		4	64		328
28	28	3/8	3/8	4/4	2	1	1/8	1/8	1		6	54		335
28	28	1/2	1/2	4/4	2	1	1/8	1/8	1		3	45		336
28	28	1/2	1/2	4/4	1	2	1/6	1/4	2/3		6	66		329
28	28	5/8	5/8	4/4	2	1	1/8	1/8	1		2	50		337
28	28	2/3	2/3	4/4	1	2	1/6	1/4	2/3		8	68		330
28	28	3/4	3/4	4/4	2	1	1/8	1/8	1		6	54		338
28	28	5/6	5/6	4/4	1	2	1/6	1/4	2/3		3	69		331
28	28	7/8	7/8	4/4	2	1	1/8	1/8	1		3	57		339
29	29	0	0	4/4	2	1	1/8	1/8	1		2	50		346
29	29	0	0	4/4	1	1	1/6	1/4	2/3		5	71		340
29	29	1/8	1/8	4/4	2	1	1/8	1/8	1		3	57		347
29	29	1/6	1/6	4/4	1	1	1/6	1/4	2/3		7	73		341
29	29	1/4	1/4	4/4	2	1	1/8	1/8	1		2	62		348
29	29	1/3	1/3	4/4	1	1	1/6	1/4	2/3		3	69		342
29	29	3/8	3/8	4/4	2	1	1/8	1/8	1		6	66		349
29	29	1/2	1/2	4/4	2	1	1/8	1/8	1		7	49		350
29	29	1/2	1/2	4/4	1	1	1/6	1/4	2/3		5	71		343
29	29	5/8	5/8	4/4	2	1	1/8	1/8	1		6	54		351
29	29	2/3	2/3	4/4	1	1	1/6	1/4	2/3		7	73		344
29	29	3/4	3/4	4/4	2	1	1/8	1/8	1		3	57		352
29	29	5/6	5/6	4/4	1	1	1/6	1/4	2/3		2	74		345
29	29	7/8	7/8	4/4	2	1	1/8	1/8	1		2	62		353
30	30	0	0	4/4	2	1	1/8	1/8	1		5	47		359
30	30	0	0	4/4	1	1	1/4	1/4	1		6	66		354
30	30	0	0	4/4	1	2	1/2	1/2	1		2	74		357
30	30	0	0	4/4	1	1	1/4	1/4	1		6	78		354
30	30	1/8	1/8	4/4	2	1	1/8	1/8	1		6	54		360
30	30	1/4	1/4	4/4	2	1	1/8	1/8	1		5	59		361
30	30	1/4	1/4	4/4	1	1	1/4	1/4	1		7	73		355
30	30	1/4	1/4	4/4	1	1	1/4	1/4	1		7	85		355
30	30	3/8	3/8	4/4	2	1	1/8	1/8	1		2	62		362
30	30	1/2	1/2	4/4	2	1	1/8	1/8	1		5	47		363
30	30	1/2	1/2	4/4	1	2	1/2	1/2	1	1	5	71		358
30	30	1/2	1/2	4/4	1	1	1/2	1/2	1		11	77		356
30	30	1/2	1/2	4/4	1	1	1/2	1/2	1		5	83		356
30	30	5/8	5/8	4/4	2	1	1/8	1/8	1		11	53		364
30	30	3/4	3/4	4/4	2	1	1/8	1/8	1		8	56		365
30	30	7/8	7/8	4/4	2	1	1/8	1/8	1		2	62		366
31	31	0	0	4/4	2	1	1/8	1/8	1		5	47		373
31	31	0	0	4/4	1	1	1/4	1/4	1	-1	5	71		367
31	31	0	0	4/4	1	1	1/4	1/4	1		6	78		367
31	31	1/8	1/8	4/4	2	1	1/8	1/8	1		6	54		374
31	31	1/4	1/4	4/4	2	1	1/8	1/8	1		5	59		375
31	31	1/4	1/4	4/4	1	1	1/8	1/8	1		3	69		368
31	31	3/8	3/8	4/4	2	1	1/8	1/8	1		2	62		376
31	31	3/8	3/8	4/4	1	1	1/8	1/8	1		8	68		369
31	31	1/2	1/2	4/4	2	1	1/8	1/8	1		5	47		377
31	31	1/2	1/2	4/4	1	1	1/4	1/4	1		6	66		370
31	31	5/8	5/8	4/4	2	1	1/8	1/8	1		6	54		378
31	31	3/4	3/4	4/4	2	1	1/8	1/8	1		8	56		379
31	31	3/4	3/4	4/4	1	1	1/8	1/8	1		4	64		371
31	31	7/8	7/8	4/4	2	1	1/8	1/8	1		6	54		380
31	31	7/8	7/8	4/4	1	1	1/8	1/8	1		2	62		372
32	32	0	0	4/4	2	1	1/8	1/8	1		3	45		386
32	32	0	0	4/4	1	1	1/4	1/4	1		7	61		381
32	32	1/8	1/8	4/4	2	1	1/8	1/8	1		6	54		387
32	32	1/4	1/4	4/4	2	1	1/8	1/8	1		3	57		388
32	32	1/4	1/4	4/4	1	1	1/8	1/8	1		2	62		382
32	32	3/8	3/8	4/4	2	1	1/8	1/8	1		6	54		389
32	32	3/8	3/8	4/4	1	1	1/8	1/8	1		4	64		383
32	32	1/2	1/2	4/4	2	1	1/8	1/8	1		6	42		390
32	32	1/2	1/2	4/4	1	1	1/4	1/4	1		6	66		384
32	32	5/8	5/8	4/4	2	1	1/8	1/8	1		7	49		391
32	32	3/4	3/4	4/4	2	1	1/8	1/8	1		3	57		392
32	32	3/4	3/4	4/4	1	1	1/4	1/4	1		3	69		385
32	32	7/8	7/8	4/4	2	1	1/8	1/8	1		7	49		393
33	33	0	0	4/4	2	1	1/8	1/8	1		12	48		395
33	33	0	0	4/4	1	1	1	1	1	1	6	66		394
33	33	0	0	4/4	1	1	1	1	1	1	8	68		394
33	33	1/8	1/8	4/4	2	1	1/8	1/8	1		6	54		396
33	33	1/4	1/4	4/4	2	1	1/8	1/8	1		9	63		397
33	33	3/8	3/8	4/4	2	1	1/8	1/8	1		6	54		398
33	33	1/2	1/2	4/4	2	1	1/8	1/8	1		7	49		399
33	33	5/8	5/8	4/4	2	1	1/8	1/8	1		6	54		400
33	33	3/4	3/4	4/4	2	1	1/8	1/8	1		4	64		401
33	33	7/8	7/8	4/4	2	1	1/8	1/8	1		6	54		402
34	34	0	0	4/4	2	1	1/8	1/8	1		9	51		409
34	34	0	0	4/4	1	2	1	1	1	0	6	66		408
34	34	0	0	4/4	1	1	1/8	1/8	1	-1	8	68		403
34	34	1/8	1/8	4/4	2	1	1/8	1/8	1		6	54		410
34	34	1/8	1/8	4/4	1	1	1/8	1/8	1		6	66		404
34	34	1/4	1/4	4/4	2	1	1/8	1/8	1		12	60		411
34	34	1/4	1/4	4/4	1	1	1/8	1/8	1		8	68		405
34	34	3/8	3/8	4/4	2	1	1/8	1/8	1		6	54		412
34	34	3/8	3/8	4/4	1	1	1/8	1/8	1		3	69		406
34	34	1/2	1/2	4/4	2	1	1/8	1/8	1		4	52		413
34	34	1/2	1/2	4/4	1	1	1/2	1/2	1	1	5	71		407
34	34	5/8	5/8	4/4	2	1	1/8	1/8	1		6	54		414
34	34	3/4	3/4	4/4	2	1	1/8	1/8	1		7	61		415
34	34	7/8	7/8	4/4	2	1	1/8	1/8	1		6	54		416
35	35	0	0	4/4	2	1	1/8	1/8	1		9	51		423
35	35	0	0	4/4	1	2	1	1	1	-1	6	66		422
35	35	0	0	4/4	1	1	1/8	1/8	1	-1	5	71		417
35	35	1/8	1/8	4/4	2	1	1/8	1/8	1		6	54		424
35	35	1/8	1/8	4/4	1	1	1/8	1/8	1		3	69		418
35	35	1/4	1/4	4/4	2	1	1/8	1/8	1		12	60		425
35	35	1/4	1/4	4/4	1	1	1/8	1/8	1		5	71		419
35	35	3/8	3/8	4/4	2	1	1/8	1/8	1		6	54		426
35	35	3/8	3/8	4/4	1	1	1/8	1/8	1		3	69		420
35	35	1/2	1/2	4/4	2	1	1/8	1/8	1		8	44		427
35	35	1/2	1/2	4/4	1	1	1/2	1/2	1	1	8	68		421
35	35	5/8	5/8	4/4	2	1	1/8	1/8	1		9	51		428
35	35	3/4	3/4	4/4	2	1	1/8	1/8	1		12	60		429
35	35	7/8	7/8	4/4	2	1	1/8	1/8	1		9	51		430
36	36	0	0	4/4	2	1	1/8	1/8	1		8	44		436
36	36	0	0	4/4	1	1	1/8	1/8	1	-1	8	68		431
36	36	1/8	1/8	4/4	2	1	1/8	1/8	1		2	50		437
36	36	1/8	1/8	4/4	1	1	1/8	1/8	1		6	66		432
36	36	1/4	1/4	4/4	2	1	1/8	1/8	1		5	59		438
36	36	1/4	1/4	4/4	1	1	1/8	1/8	1		4	64		433
36	36	3/8	3/8	4/4	2	1	1/8	1/8	1		2	50		439
36	36	3/8	3/8	4/4	1	1	1/8	1/8	1		2	62		434
36	36	1/2	1/2	4/4	2	1	1/8	1/8	1		4	40		440
36	36	1/2	1/2	4/4	1	1	1/2	1/2	1	1	7	61		435
36	36	5/8	5/8	4/4	2	1	1/8	1/8	1		2	50		441
36	36	3/4	3/4	4/4	2	1	1/8	1/8	1		4	52		442
36	36	7/8	7/8	4/4	2	1	1/8	1/8	1		8	56		443
37	37	0	0	4/4	2	1	1/8	1/8	1		7	61		445
37	37	0	0	4/4	1	1	1	1	1	-1	7	61		444
37	37	1/8	1/8	4/4	2	1	1/8	1/8	1		8	56		446
37	37	1/4	1/4	4/4	2	1	1/8	1/8	1		2	50		447
37	37	3/8	3/8	4/4	2	1	1/8	1/8	1		4	40		448
37	37	1/2	1/2	4/4	2	1	1/8	1/8	1		7	37		449
37	37	5/8	5/8	4/4	2	1	1/8	1/8	1		8	44		450
37	37	3/4	3/4	4/4	2	1	1/8	1/8	1		11	53		451
37	37	7/8	7/8	4/4	2	1	1/8	1/8	1		5	59		452
38	38	0	0	4/4	1	1	1/8	1/8	1		7	61		453
38	38	1/8	1/8	4/4	1	1	1/8	1/8	1		5	59		454
38	38	1/4	1/4	4/4	2	1	1/8	1/8	1		11	53		457
38	38	3/8	3/8	4/4	2	1	1/8	1/8	1		8	44		458
38	38	1/2	1/2	4/4	1	1	1/8	1/8	1		7	73		455
38	38	5/8	5/8	4/4	1	1	1/8	1/8	1		5	71		456
38	38	3/4	3/4	4/4	2	1	1/8	1/8	1		11	65		459
38	38	7/8	7/8	4/4	2	1	1/8	1/8	1		8	56		460
39	39	0	0	4/4	1	1	1/4	1/4	1		6	78		461
39	39	1/8	1/8	4/4	2	1	1/8	1/8	1		6	54		465
39	39	1/4	1/4	4/4	2	1	1/8	1/8	1		7	61		466
39	39	1/4	1/4	4/4	1	1	1/4	1/4	1		7	85		462
39	39	3/8	3/8	4/4	2	1	1/8	1/8	1		3	69		467
39	39	1/2	1/2	4/4	1	2	1/2	1/2	1		6	78		464
39	39	1/2	1/2	4/4	1	2	1/2	1/2	1		3	81		464
39	39	1/2	1/2	4/4	1	1	1/2	1/2	1		12	84		463
39	39	5/8	5/8	4/4	2	1	1/8	1/8	1		3	57		468
39	39	3/4	3/4	4/4	2	1	1/8	1/8	1		2	62		469
39	39	3/4	3/4	4/4	2	1	1/8	1/8	1		6	66		469
39	39	7/8	7/8	4/4	2	1	1/8	1/8	1		0	72		470
40	40	0	0	4/4	1	1	1/4	1/4	1		7	85		471
40	40	1/8	1/8	4/4	2	1	1/8	1/8	1		7	61		478
40	40	1/4	1/4	4/4	2	1	1/8	1/8	1		6	66		479
40	40	1/4	1/4	4/4	1	2	1/4	1/4	1		6	78		476
40	40	1/4	1/4	4/4	1	2	1/4	1/4	1		3	81		476
40	40	1/4	1/4	4/4	1	1	1/4	1/4	1		4	88		472
40	40	3/8	3/8	4/4	2	1	1/8	1/8	1		4	76		480
40	40	1/2	1/2	4/4	1	1	1/6	1/4	2/3		9	87		473
40	40	5/8	5/8	4/4	2	1	1/8	1/8	1		5	59		481
40	40	2/3	2/3	4/4	1	2	1/6	1/4	2/3		6	78		477
40	40	2/3	2/3	4/4	1	1	1/6	1/4	2/3		5	83		474
40	40	3/4	3/4	4/4	2	1	1/8	1/8	1		6	66		482
40	40	5/6	5/6	4/4	1	1	1/6	1/4	2/3		3	81		475
40	40	7/8	7/8	4/4	2	1	1/8	1/8	1		9	75		483
41	41	0	0	4/4	1	1	1/4	1/4	1		6	78		484
41	41	1/8	1/8	4/4	2	1	1/8	1/8	1		6	54		488
41	41	1/4	1/4	4/4	2	1	1/8	1/8	1		7	61		489
41	41	1/4	1/4	4/4	1	1	1/4	1/4	1		7	85		485
41	41	3/8	3/8	4/4	2	1	1/8	1/8	1		3	69		490
41	41	1/2	1/2	4/4	1	2	1/2	1/2	1		6	78		487
41	41	1/2	1/2	4/4	1	2	1/2	1/2	1		3	81		487
41	41	1/2	1/2	4/4	1	1	1/2	1/2	1		12	84		486
41	41	5/8	5/8	4/4	2	1	1/8	1/8	1		3	57		491
41	41	3/4	3/4	4/4	2	1	1/8	1/8	1		2	62		492
41	41	3/4	3/4	4/4	2	1	1/8	1/8	1		6	66		492
41	41	7/8	7/8	4/4	2	1	1/8	1/8	1		0	72		493
42	42	0	0	4/4	1	1	1/4	1/4	1		7	85		494
42	42	1/8	1/8	4/4	2	1	1/8	1/8	1		7	61		501
42	42	1/4	1/4	4/4	2	1	1/8	1/8	1		6	66		502
42	42	1/4	1/4	4/4	1	2	1/4	1/4	1		6	78		499
42	42	1/4	1/4	4/4	1	2	1/4	1/4	1		3	81		499
42	42	1/4	1/4	4/4	1	1	1/4	1/4	1		4	88		495
42	42	3/8	3/8	4/4	2	1	1/8	1/8	1		4	76		503
42	42	1/2	1/2	4/4	1	1	1/6	1/4	2/3		9	87		496
42	42	5/8	5/8	4/4	2	1	1/8	1/8	1		5	59		504
42	42	2/3	2/3	4/4	1	2	1/6	1/4	2/3		6	78		500
42	42	2/3	2/3	4/4	1	1	1/6	1/4	2/3		5	83		497
42	42	3/4	3/4	4/4	2	1	1/8	1/8	1		6	66		505
42	42	5/6	5/6	4/4	1	1	1/6	1/4	2/3		9	87		498
42	42	7/8	7/8	4/4	2	1	1/8	1/8	1		9	75		506
43	43	0	0	4/4	1	1	1/4	1/4	1		7	73		507
43	43	1/8	1/8	4/4	2	1	1/8	1/8	1		7	49		514
43	43	1/4	1/4	4/4	2	1	1/8	1/8	1		6	54		515
43	43	1/4	1/4	4/4	1	2	1/4	1/4	1		6	66		512
43	43	1/4	1/4	4/4	1	2	1/4	1/4	1		3	69		512
43	43	1/4	1/4	4/4	1	1	1/4	1/4	1		4	76		508
43	43	3/8	3/8	4/4	2	1	1/8	1/8	1		4	64		516
43	43	1/2	1/2	4/4	1	1	1/6	1/4	2/3		9	75		509
43	43	5/8	5/8	4/4	2	1	1/8	1/8	1		5	47		517
43	43	2/3	2/3	4/4	1	2	1/6	1/4	2/3		6	66		513
43	43	2/3	2/3	4/4	1	2	1/6	1/4	2/3		3	69		513
43	43	2/3	2/3	4/4	1	1	1/6	1/4	2/3		5	71		510
43	43	3/4	3/4	4/4	2	1	1/8	1/8	1		6	54		518
43	43	5/6	5/6	4/4	1	1	1/6	1/4	2/3		9	75		511
43	43	7/8	7/8	4/4	2	1	1/8	1/8	1		9	63		519
44	44	0	0	4/4	1	1	1/2	1/2	1		9	63		520
44	44	0	0	4/4	1	1	1/2	1/2	1		6	66		520
44	44	0	0	4/4	1	1	1/2	1/2	1		7	73		520
44	44	1/8	1/8	4/4	2	1	1/8	1/8	1		3	45		523
44	44	1/4	1/4	4/4	2	1	1/8	1/8	1		6	54		524
44	44	3/8	3/8	4/4	2	1	1/8	1/8	1		7	61		525
44	44	1/2	1/2	4/4	1	1	1/4	1/4	1		4	64		521
44	44	1/2	1/2	4/4	1	1	1/4	1/4	1		8	68		521
44	44	1/2	1/2	4/4	1	1	1/4	1/4	1		5	71		521
44	44	5/8	5/8	4/4	2	1	1/8	1/8	1		8	44		526
44	44	3/4	3/4	4/4	2	1	1/8	1/8	1		4	52		527
44	44	3/4	3/4	4/4	1	1	1/4	1/4	1		5	59		522
44	44	3/4	3/4	4/4	1	1	1/4	1/4	1		4	64		522
44	44	3/4	3/4	4/4	1	1	1/4	1/4	1		8	68		522
44	44	7/8	7/8	4/4	2	1	1/8	1/8	1		8	44		528
45	45	0	0	4/4	1	2	1/2	1/2	1		3	57		533
45	45	0	0	4/4	1	2	1/2	1/2	1		7	61		533
45	45	0	0	4/4	1	1	1/6	1/4	2/3		4	64		529
45	45	1/8	1/8	4/4	2	1	1/8	1/8	1		6	42		536
45	45	1/6	1/6	4/4	1	1	1/6	1/4	2/3		6	66		530
45	45	1/4	1/4	4/4	2	1	1/8	1/8	1		7	49		537
45	45	1/3	1/3	4/4	1	1	1/6	1/4	2/3		8	68		531
45	45	3/8	3/8	4/4	2	1	1/8	1/8	1		6	42		538
45	45	1/2	1/2	4/4	1	1	1/2	1/2	1		3	57		532
45	45	1/2	1/2	4/4	1	2	1/4	1/4	1		4	64		534
45	45	1/2	1/2	4/4	1	1	1/2	1/2	1		6	66		532
45	45	5/8	5/8	4/4	2	1	1/8	1/8	1		5	35		539
45	45	3/4	3/4	4/4	2	1	1/8	1/8	1		5	47		540
45	45	3/4	3/4	4/4	1	2	1/4	1/4	1		9	63		535
45	45	7/8	7/8	4/4	2	1	1/8	1/8	1		5	35		541
46	46	0	0	4/4	2	1	1/8	1/8	1		4	40		545
46	46	0	0	4/4	1	2	1/4	1/4	1		7	61		543
46	46	0	0	4/4	1	1	1	1	1		4	64		542
46	46	0	0	4/4	1	1	1	1	1		8	68		542
46	46	1/8	1/8	4/4	2	1	1/8	1/8	1		5	47		546
46	46	1/4	1/4	4/4	2	1	1/8	1/8	1		4	52		547
46	46	1/4	1/4	4/4	1	2	1/4	1/4	1		5	59		544
46	46	3/8	3/8	4/4	2	1	1/8	1/8	1		8	56		548
46	46	1/2	1/2	4/4	2	1	1/8	1/8	1		5	59		549
46	46	5/8	5/8	4/4	2	1	1/8	1/8	1		4	64		550
46	46	3/4	3/4	4/4	2	1	1/8	1/8	1		8	68		551
46	46	7/8	7/8	4/4	2	1	1/8	1/8	1		5	71		552
47	47	0	0	4/4	1	2	1/2	1/2	1		13	67		558
47	47	0	0	4/4	1	2	1/2	1/2	1		10	70		558
47	47	0	0	4/4	1	1	1/4	1/4	1		7	73		553
47	47	1/8	1/8	4/4	2	1	1/8	1/8	1		13	55		560
47	47	1/4	1/4	4/4	2	1	1/8	1/8	1		7	61		561
47	47	1/4	1/4	4/4	1	1	1/4	1/4	1		4	76		554
47	47	3/8	3/8	4/4	2	1	1/8	1/8	1		4	64		562
47	47	1/2	1/2	4/4	1	2	1/2	1/2	1		8	68		559
47	47	1/2	1/2	4/4	1	2	1/2	1/2	1		5	71		559
47	47	1/2	1/2	4/4	1	1	1/6	1/4	2/3		9	75		555
47	47	5/8	5/8	4/4	2	1	1/8	1/8	1		8	56		563
47	47	2/3	2/3	4/4	1	1	1/6	1/4	2/3		5	71		556
47	47	3/4	3/4	4/4	2	1	1/8	1/8	1		5	59		564
47	47	5/6	5/6	4/4	1	1	1/6	1/4	2/3		9	75		557
47	47	7/8	7/8	4/4	2	1	1/8	1/8	1		9	63		565
48	48	0	0	4/4	1	1	1/2	1/2	1		4	64		566
48	48	0	0	4/4	1	1	1/2	1/2	1		8	68		566
48	48	0	0	4/4	1	1	1/2	1/2	1		7	73		566
48	48	1/8	1/8	4/4	2	1	1/8	1/8	1		7	49		569
48	48	1/4	1/4	4/4	2	1	1/8	1/8	1		8	56		570
48	48	3/8	3/8	4/4	2	1	1/8	1/8	1		7	61		571
48	48	1/2	1/2	4/4	1	1	1/4	1/4	1		9	63		567
48	48	1/2	1/2	4/4	1	1	1/4	1/4	1		8	68		567
48	48	1/2	1/2	4/4	1	1	1/4	1/4	1		5	71		567
48	48	5/8	5/8	4/4	2	1	1/8	1/8	1		8	44		572
48	48	3/4	3/4	4/4	2	1	1/8	1/8	1		9	51		573
48	48	3/4	3/4	4/4	1	1	1/4	1/4	1		5	59		568
48	48	3/4	3/4	4/4	1	1	1/4	1/4	1		9	63		568
48	48	3/4	3/4	4/4	1	1	1/4	1/4	1		8	68		568
48	48	7/8	7/8	4/4	2	1	1/8	1/8	1		8	56		574
49	49	0	0	4/4	1	2	1/2	1/2	1		10	58		579
49	49	0	0	4/4	1	2	1/2	1/2	1		7	61		579
49	49	0	0	4/4	1	1	1/6	1/4	2/3		4	64		575
49	49	1/8	1/8	4/4	2	1	1/8	1/8	1		6	42		582
49	49	1/6	1/6	4/4	1	1	1/6	1/4	2/3		6	66		576
49	49	1/4	1/4	4/4	2	1	1/8	1/8	1		7	49		583
49	49	1/3	1/3	4/4	1	1	1/6	1/4	2/3		8	68		577
49	49	3/8	3/8	4/4	2	1	1/8	1/8	1		6	42		584
49	49	1/2	1/2	4/4	1	2	1/4	1/4	1		9	63		580
49	49	1/2	1/2	4/4	1	1	1/2	1/2	1	1	6	66		578
49	49	1/2	1/2	4/4	1	1	1/2	1/2	1	1	10	70		578
49	49	5/8	5/8	4/4	2	1	1/8	1/8	1		4	40		585
49	49	3/4	3/4	4/4	2	1	1/8	1/8	1		7	49		586
49	49	3/4	3/4	4/4	1	2	1/4	1/4	1	1	7	61		581
49	49	7/8	7/8	4/4	2	1	1/8	1/8	1		4	40		587
50	50	0	0	4/4	2	1	1/8	1/8	1		9	39		592
50	50	0	0	4/4	1	1	1/4	1/4	1	-1	7	61		588
50	50	0	0	4/4	1	1	1/4	1/4	1	-1	6	66		588
50	50	0	0	4/4	1	1	1/4	1/4	1	-1	10	70		588
50	50	1/8	1/8	4/4	2	1	1/8	1/8	1		5	47		593
50	50	1/4	1/4	4/4	2	1	1/8	1/8	1		9	51		594
50	50	1/4	1/4	4/4	1	1	1/4	1/4	1		5	59		589
50	50	1/4	1/4	4/4	1	1	1/4	1/4	1		6	66		589
50	50	1/4	1/4	4/4	1	1	1/4	1/4	1		5	71		589
50	50	3/8	3/8	4/4	2	1	1/8	1/8	1		6	54		595
50	50	1/2	1/2	4/4	2	1	1/8	1/8	1		5	59		596
50	50	1/2	1/2	4/4	1	1	1/4	1/4	1		6	66		590
50	50	1/2	1/2	4/4	1	1	1/4	1/4	1		5	71		590
50	50	1/2	1/2	4/4	1	1	1/4	1/4	1		9	75		590
50	50	5/8	5/8	4/4	2	1	1/8	1/8	1		9	63		597
50	50	3/4	3/4	4/4	2	1	1/8	1/8	1		6	66		598
50	50	3/4	3/4	4/4	1	1	1/4	1/4	1		5	71		591
50	50	3/4	3/4	4/4	1	1	1/4	1/4	1		9	75		591
50	50	3/4	3/4	4/4	1	1	1/4	1/4	1		6	78		591
50	50	7/8	7/8	4/4	2	1	1/8	1/8	1		5	71		599
51	51	0	0	4/4	1	2	1/4	1/4	1		9	75		601
51	51	0	0	4/4	1	1	1	1	1	1	4	76		600
51	51	0	0	4/4	1	1	1	1	1	1	8	80		600
51	51	1/8	1/8	4/4	2	1	1/8	1/8	1		7	61		605
51	51	1/4	1/4	4/4	2	1	1/8	1/8	1		4	64		606
51	51	1/4	1/4	4/4	1	2	1/4	1/4	1		7	73		602
51	51	3/8	3/8	4/4	2	1	1/8	1/8	1		8	68		607
51	51	1/2	1/2	4/4	1	2	1/4	1/4	1		9	75		603
51	51	5/8	5/8	4/4	2	1	1/8	1/8	1		5	59		608
51	51	3/4	3/4	4/4	2	1	1/8	1/8	1		4	64		609
51	51	3/4	3/4	4/4	1	2	1/4	1/4	1		7	73		604
51	51	7/8	7/8	4/4	2	1	1/8	1/8	1		8	68		610
52	52	0	0	4/4	1	2	1/4	1/4	1		9	75		615
52	52	0	0	4/4	1	1	1/2	1/2	1	-1	4	76		611
52	52	0	0	4/4	1	1	1/2	1/2	1	-1	8	80		611
52	52	1/8	1/8	4/4	2	1	1/8	1/8	1		10	58		618
52	52	1/4	1/4	4/4	2	1	1/8	1/8	1		4	64		619
52	52	1/4	1/4	4/4	1	2	1/4	1/4	1		7	73		616
52	52	3/8	3/8	4/4	2	1	1/8	1/8	1		8	68		620
52	52	1/2	1/2	4/4	1	2	1/2	1/2	1		4	76		617
52	52	1/2	1/2	4/4	1	2	1/2	1/2	1		8	80		617
52	52	1/2	1/2	4/4	1	1	1/6	1/4	2/3		5	83		612
52	52	5/8	5/8	4/4	2	1	1/8	1/8	1		8	56		621
52	52	2/3	2/3	4/4	1	1	1/6	1/4	2/3		9	87		613
52	52	3/4	3/4	4/4	2	1	1/8	1/8	1		4	64		622
52	52	5/6	5/6	4/4	1	1	1/6	1/4	2/3		5	83		614
52	52	7/8	7/8	4/4	2	1	1/8	1/8	1		5	71		623
53	53	0	0	4/4	1	2	1/4	1/4	1		9	75		625
53	53	0	0	4/4	1	1	1	1	1	1	4	76		624
53	53	0	0	4/4	1	1	1	1	1	1	8	80		624
53	53	1/8	1/8	4/4	2	1	1/8	1/8	1		7	61		629
53	53	1/4	1/4	4/4	2	1	1/8	1/8	1		4	64		630
53	53	1/4	1/4	4/4	1	2	1/4	1/4	1		7	73		626
53	53	3/8	3/8	4/4	2	1	1/8	1/8	1		8	68		631
53	53	1/2	1/2	4/4	1	2	1/4	1/4	1		9	75		627
53	53	5/8	5/8	4/4	2	1	1/8	1/8	1		5	59		632
53	53	3/4	3/4	4/4	2	1	1/8	1/8	1		4	64		633
53	53	3/4	3/4	4/4	1	2	1/4	1/4	1		7	73		628
53	53	7/8	7/8	4/4	2	1	1/8	1/8	1		8	68		634
54	54	0	0	4/4	1	1	1/4	1/4	1		9	75		635
54	54	0	0	4/4	1	1	1/4	1/4	1	-1	4	76		635
54	54	0	0	4/4	1	1	1/4	1/4	1	-1	8	80		635
54	54	1/8	1/8	4/4	2	1	1/8	1/8	1		10	58		639
54	54	1/4	1/4	4/4	2	1	1/8	1/8	1		4	64		640
54	54	1/4	1/4	4/4	1	1	1/4	1/4	1		4	76		636
54	54	1/4	1/4	4/4	1	1	1/4	1/4	1		8	80		636
54	54	1/4	1/4	4/4	1	1	1/4	1/4	1		7	85		636
54	54	3/8	3/8	4/4	2	1	1/8	1/8	1		8	68		641
54	54	1/2	1/2	4/4	1	1	1/4	1/4	1		7	73		637
54	54	1/2	1/2	4/4	1	1	1/4	1/4	1		6	78		637
54	54	1/2	1/2	4/4	1	1	1/4	1/4	1		10	82		637
54	54	5/8	5/8	4/4	2	1	1/8	1/8	1		6	54		642
54	54	3/4	3/4	4/4	2	1	1/8	1/8	1		7	61		643
54	54	3/4	3/4	4/4	1	1	1/4	1/4	1		10	70		638
54	54	3/4	3/4	4/4	1	1	1/4	1/4	1		4	76		638
54	54	3/4	3/4	4/4	1	1	1/4	1/4	1		8	80		638
54	54	7/8	7/8	4/4	2	1	1/8	1/8	1		6	66		644
55	55	0	0	4/4	1	2	1/4	1/4	1		7	73		646
55	55	0	0	4/4	1	1	1	1	1	1	2	74		645
55	55	0	0	4/4	1	1	1	1	1	1	6	78		645
55	55	1/8	1/8	4/4	2	1	1/8	1/8	1		5	59		650
55	55	1/4	1/4	4/4	2	1	1/8	1/8	1		2	62		651
55	55	1/4	1/4	4/4	1	2	1/4	1/4	1		5	71		647
55	55	3/8	3/8	4/4	2	1	1/8	1/8	1		6	66		652
55	55	1/2	1/2	4/4	1	2	1/4	1/4	1		7	73		648
55	55	5/8	5/8	4/4	2	1	1/8	1/8	1		3	57		653
55	55	3/4	3/4	4/4	2	1	1/8	1/8	1		2	62		654
55	55	3/4	3/4	4/4	1	2	1/4	1/4	1		5	71		649
55	55	7/8	7/8	4/4	2	1	1/8	1/8	1		6	66		655
56	56	0	0	4/4	1	2	1/4	1/4	1		7	73		660
56	56	0	0	4/4	1	1	1/2	1/2	1	-1	2	74		656
56	56	0	0	4/4	1	1	1/2	1/2	1	-1	6	78		656
56	56	1/8	1/8	4/4	2	1	1/8	1/8	1		8	56		663
56	56	1/4	1/4	4/4	2	1	1/8	1/8	1		2	62		664
56	56	1/4	1/4	4/4	1	2	1/4	1/4	1		5	71		661
56	56	3/8	3/8	4/4	2	1	1/8	1/8	1		6	66		665
56	56	1/2	1/2	4/4	1	2	1/2	1/2	1		2	74		662
56	56	1/2	1/2	4/4	1	2	1/2	1/2	1		6	78		662
56	56	1/2	1/2	4/4	1	1	1/6	1/4	2/3		3	81		657
56	56	5/8	5/8	4/4	2	1	1/8	1/8	1		6	54		666
56	56	2/3	2/3	4/4	1	1	1/6	1/4	2/3		7	85		658
56	56	3/4	3/4	4/4	2	1	1/8	1/8	1		2	62		667
56	56	5/6	5/6	4/4	1	1	1/6	1/4	2/3		3	81		659
56	56	7/8	7/8	4/4	2	1	1/8	1/8	1		3	69		668
57	57	0	0	4/4	1	2	1/4	1/4	1		7	73		670
57	57	0	0	4/4	1	1	1	1	1	1	2	74		669
57	57	0	0	4/4	1	1	1	1	1	1	6	78		669
57	57	1/8	1/8	4/4	2	1	1/8	1/8	1		5	59		674
57	57	1/4	1/4	4/4	2	1	1/8	1/8	1		2	62		675
57	57	1/4	1/4	4/4	1	2	1/4	1/4	1		5	71		671
57	57	3/8	3/8	4/4	2	1	1/8	1/8	1		6	66		676
57	57	1/2	1/2	4/4	1	2	1/4	1/4	1		7	73		672
57	57	5/8	5/8	4/4	2	1	1/8	1/8	1		3	57		677
57	57	3/4	3/4	4/4	2	1	1/8	1/8	1		2	62		678
57	57	3/4	3/4	4/4	1	2	1/4	1/4	1		5	71		673
57	57	7/8	7/8	4/4	2	1	1/8	1/8	1		6	66		679
58	58	0	0	4/4	1	1	1/4	1/4	1		7	73		680
58	58	0	0	4/4	1	1	1/4	1/4	1	-1	2	74		680
58	58	0	0	4/4	1	1	1/4	1/4	1	-1	6	78		680
58	58	1/8	1/8	4/4	2	1	1/8	1/8	1		8	56		684
58	58	1/4	1/4	4/4	2	1	1/8	1/8	1		2	62		685
58	58	1/4	1/4	4/4	1	1	1/4	1/4	1		2	74		681
58	58	1/4	1/4	4/4	1	1	1/4	1/4	1		6	78		681
58	58	1/4	1/4	4/4	1	1	1/4	1/4	1		5	83		681
58	58	3/8	3/8	4/4	2	1	1/8	1/8	1		6	66		686
58	58	1/2	1/2	4/4	1	1	1/4	1/4	1		5	71		682
58	58	1/2	1/2	4/4	1	1	1/4	1/4	1		4	76		682
58	58	1/2	1/2	4/4	1	1	1/4	1/4	1		8	80		682
58	58	5/8	5/8	4/4	2	1	1/8	1/8	1		4	52		687
58	58	3/4	3/4	4/4	2	1	1/8	1/8	1		5	59		688
58	58	3/4	3/4	4/4	1	1	1/4	1/4	1		8	68		683
58	58	3/4	3/4	4/4	1	1	1/4	1/4	1		2	74		683
58	58	3/4	3/4	4/4	1	1	1/4	1/4	1		6	78		683
58	58	7/8	7/8	4/4	2	1	1/8	1/8	1		4	52		689
59	59	0	0	4/4	2	1	1/8	1/8	1		3	45		695
59	59	0	0	4/4	1	1	1/4	1/4	1		3	69		690
59	59	0	0	4/4	1	1	1/4	1/4	1		7	73		690
59	59	0	0	4/4	1	1	1/4	1/4	1		4	76		690
59	59	1/8	1/8	4/4	2	1	1/8	1/8	1		4	52		696
59	59	1/4	1/4	4/4	2	1	1/8	1/8	1		3	57		697
59	59	1/4	1/4	4/4	1	1	1/8	1/8	1		4	64		691
59	59	1/4	1/4	4/4	1	1	1/8	1/8	1		3	69		691
59	59	1/4	1/4	4/4	1	1	1/8	1/8	1		7	73		691
59	59	3/8	3/8	4/4	2	1	1/8	1/8	1		7	61		698
59	59	3/8	3/8	4/4	1	1	1/8	1/8	1		4	64		692
59	59	3/8	3/8	4/4	1	1	1/8	1/8	1		3	69		692
59	59	3/8	3/8	4/4	1	1	1/8	1/8	1		7	73		692
59	59	1/2	1/2	4/4	2	1	1/8	1/8	1		7	61		699
59	59	1/2	1/2	4/4	1	1	1/4	1/4	1		4	64		693
59	59	1/2	1/2	4/4	1	1	1/4	1/4	1		3	69		693
59	59	1/2	1/2	4/4	1	1	1/4	1/4	1		7	73		693
59	59	5/8	5/8	4/4	2	1	1/8	1/8	1		3	57		700
59	59	3/4	3/4	4/4	2	1	1/8	1/8	1		4	52		701
59	59	3/4	3/4	4/4	1	1	1/4	1/4	1		3	69		694
59	59	3/4	3/4	4/4	1	1	1/4	1/4	1		7	73		694
59	59	3/4	3/4	4/4	1	1	1/4	1/4	1		4	76		694
59	59	7/8	7/8	4/4	2	1	1/8	1/8	1		3	45		702
60	60	0	0	4/4	2	1	1/8	1/8	1		6	42		709
60	60	0	0	4/4	1	1	1/4	1/4	1		3	69		703
60	60	0	0	4/4	1	1	1/4	1/4	1		7	73		703
60	60	0	0	4/4	1	1	1/4	1/4	1		6	78		703
60	60	1/8	1/8	4/4	2	1	1/8	1/8	1		7	49		710
60	60	1/4	1/4	4/4	2	1	1/8	1/8	1		6	54		711
60	60	1/4	1/4	4/4	1	1	1/8	1/8	1		3	69		704
60	60	1/4	1/4	4/4	1	1	1/8	1/8	1		7	73		704
60	60	1/4	1/4	4/4	1	1	1/8	1/8	1		6	78		704
60	60	3/8	3/8	4/4	2	1	1/8	1/8	1		7	61		712
60	60	3/8	3/8	4/4	1	1	1/8	1/8	1		5	71		705
60	60	3/8	3/8	4/4	1	1	1/8	1/8	1		7	73		705
60	60	3/8	3/8	4/4	1	1	1/8	1/8	1		8	80		705
60	60	1/2	1/2	4/4	2	1	1/8	1/8	1		7	61		713
60	60	1/2	1/2	4/4	1	1	1/8	1/8	1		3	69		706
60	60	1/2	1/2	4/4	1	1	1/8	1/8	1		7	73		706
60	60	1/2	1/2	4/4	1	1	1/8	1/8	1		6	78		706
60	60	5/8	5/8	4/4	2	1	1/8	1/8	1		6	54		714
60	60	5/8	5/8	4/4	1	1	1/8	1/8	1		5	71		707
60	60	5/8	5/8	4/4	1	1	1/8	1/8	1		7	73		707
60	60	5/8	5/8	4/4	1	1	1/8	1/8	1		8	80		707
60	60	3/4	3/4	4/4	2	1	1/8	1/8	1		7	49		715
60	60	3/4	3/4	4/4	1	1	1/4	1/4	1		3	69		708
60	60	3/4	3/4	4/4	1	1	1/4	1/4	1		7	73		708
60	60	3/4	3/4	4/4	1	1	1/4	1/4	1		6	78		708
60	60	7/8	7/8	4/4	2	1	1/8	1/8	1		6	42		716
61	61	0	0	4/4	2	1	1/8	1/8	1		3	45		722
61	61	0	0	4/4	1	1	1/4	1/4	1		3	69		717
61	61	0	0	4/4	1	1	1/4	1/4	1		7	73		717
61	61	0	0	4/4	1	1	1/4	1/4	1		4	76		717
61	61	1/8	1/8	4/4	2	1	1/8	1/8	1		4	52		723
61	61	1/4	1/4	4/4	2	1	1/8	1/8	1		3	57		724
61	61	1/4	1/4	4/4	1	1	1/8	1/8	1		8	68		718
61	61	1/4	1/4	4/4	1	1	1/8	1/8	1		3	69		718
61	61	1/4	1/4	4/4	1	1	1/8	1/8	1		7	73		718
61	61	3/8	3/8	4/4	2	1	1/8	1/8	1		7	61		725
61	61	3/8	3/8	4/4	1	1	1/8	1/8	1		8	68		719
61	61	3/8	3/8	4/4	1	1	1/8	1/8	1		3	69		719
61	61	3/8	3/8	4/4	1	1	1/8	1/8	1		7	73		719
61	61	1/2	1/2	4/4	2	1	1/8	1/8	1		7	61		726
61	61	1/2	1/2	4/4	1	1	1/4	1/4	1		6	66		720
61	61	1/2	1/2	4/4	1	1	1/4	1/4	1		3	69		720
61	61	1/2	1/2	4/4	1	1	1/4	1/4	1		7	73		720
61	61	5/8	5/8	4/4	2	1	1/8	1/8	1		3	57		727
61	61	3/4	3/4	4/4	2	1	1/8	1/8	1		4	52		728
61	61	3/4	3/4	4/4	1	1	1/4	1/4	1		4	64		721
61	61	3/4	3/4	4/4	1	1	1/4	1/4	1		6	66		721
61	61	3/4	3/4	4/4	1	1	1/4	1/4	1		3	69		721
61	61	7/8	7/8	4/4	2	1	1/8	1/8	1		3	45		729
62	62	0	0	4/4	2	1	1/8	1/8	1		2	38		731
62	62	0	0	4/4	1	1	1	1	1		2	62		730
62	62	0	0	4/4	1	1	1	1	1		6	66		730
62	62	0	0	4/4	1	1	1	1	1		3	69		730
62	62	0	0	4/4	1	1	1	1	1		7	73		730
62	62	1/8	1/8	4/4	2	1	1/8	1/8	1		3	45		732
62	62	1/4	1/4	4/4	2	1	1/8	1/8	1		2	50		733
62	62	3/8	3/8	4/4	2	1	1/8	1/8	1		6	54		734
62	62	1/2	1/2	4/4	2	1	1/8	1/8	1		6	54		735
62	62	5/8	5/8	4/4	2	1	1/8	1/8	1		2	50		736
62	62	3/4	3/4	4/4	2	1	1/8	1/8	1		3	45		737
62	62	7/8	7/8	4/4	2	1	1/8	1/8	1		2	38		738
63	63	0	0	4/4	2	1	1/8	1/8	1		1	43		744
63	63	0	0	4/4	1	1	1/4	1/4	1		2	62		739
63	63	0	0	4/4	1	1	1/4	1/4	1		1	67		739
63	63	0	0	4/4	1	1	1/4	1/4	1		5	71		739
63	63	1/8	1/8	4/4	2	1	1/8	1/8	1		2	50		745
63	63	1/4	1/4	4/4	2	1	1/8	1/8	1		1	55		746
63	63	1/4	1/4	4/4	1	1	1/8	1/8	1		5	59		740
63	63	1/4	1/4	4/4	1	1	1/8	1/8	1		2	62		740
63	63	1/4	1/4	4/4	1	1	1/8	1/8	1		1	67		740
63	63	3/8	3/8	4/4	2	1	1/8	1/8	1		2	50		747
63	63	3/8	3/8	4/4	1	1	1/8	1/8	1		5	59		741
63	63	3/8	3/8	4/4	1	1	1/8	1/8	1		2	62		741
63	63	3/8	3/8	4/4	1	1	1/8	1/8	1		1	67		741
63	63	1/2	1/2	4/4	2	1	1/8	1/8	1		1	43		748
63	63	1/2	1/2	4/4	1	1	1/4	1/4	1		5	59		742
63	63	1/2	1/2	4/4	1	1	1/4	1/4	1		2	62		742
63	63	1/2	1/2	4/4	1	1	1/4	1/4	1		1	67		742
63	63	5/8	5/8	4/4	2	1	1/8	1/8	1		2	50		749
63	63	3/4	3/4	4/4	2	1	1/8	1/8	1		1	55		750
63	63	3/4	3/4	4/4	1	1	1/4	1/4	1		2	62		743
63	63	3/4	3/4	4/4	1	1	1/4	1/4	1		1	67		743
63	63	3/4	3/4	4/4	1	1	1/4	1/4	1		5	71		743
63	63	7/8	7/8	4/4	2	1	1/8	1/8	1		2	50		751
64	64	0	0	4/4	2	1	1/8	1/8	1		2	38		758
64	64	0	0	4/4	1	1	1/4	1/4	1		0	60		752
64	64	0	0	4/4	1	1	1/4	1/4	1		-1	65		752
64	64	0	0	4/4	1	1	1/4	1/4	1		3	69		752
64	64	1/8	1/8	4/4	2	1	1/8	1/8	1		3	45		759
64	64	1/4	1/4	4/4	2	1	1/8	1/8	1		-1	53		760
64	64	1/4	1/4	4/4	1	1	1/8	1/8	1		0	60		753
64	64	1/4	1/4	4/4	1	1	1/8	1/8	1		-1	65		753
64	64	1/4	1/4	4/4	1	1	1/8	1/8	1		3	69		753
64	64	3/8	3/8	4/4	2	1	1/8	1/8	1		3	45		761
64	64	3/8	3/8	4/4	1	1	1/8	1/8	1		2	62		754
64	64	3/8	3/8	4/4	1	1	1/8	1/8	1		-1	65		754
64	64	3/8	3/8	4/4	1	1	1/8	1/8	1		5	71		754
64	64	1/2	1/2	4/4	2	1	1/8	1/8	1		-1	41		762
64	64	1/2	1/2	4/4	1	1	1/8	1/8	1		0	60		755
64	64	1/2	1/2	4/4	1	1	1/8	1/8	1		-1	65		755
64	64	1/2	1/2	4/4	1	1	1/8	1/8	1		3	69		755
64	64	5/8	5/8	4/4	2	1	1/8	1/8	1		0	48		763
64	64	5/8	5/8	4/4	1	1	1/8	1/8	1		2	62		756
64	64	5/8	5/8	4/4	1	1	1/8	1/8	1		-1	65		756
64	64	5/8	5/8	4/4	1	1	1/8	1/8	1		5	71		756
64	64	3/4	3/4	4/4	2	1	1/8	1/8	1		3	57		764
64	64	3/4	3/4	4/4	1	1	1/4	1/4	1		4	64		757
64	64	3/4	3/4	4/4	1	1	1/4	1/4	1		-1	65		757
64	64	3/4	3/4	4/4	1	1	1/4	1/4	1		0	72		757
64	64	7/8	7/8	4/4	2	1	1/8	1/8	1		0	48		765
65	65	0	0	4/4	2	1	1/8	1/8	1		1	43		771
65	65	0	0	4/4	1	1	1/4	1/4	1		2	62		766
65	65	0	0	4/4	1	1	1/4	1/4	1		1	67		766
65	65	0	0	4/4	1	1	1/4	1/4	1		5	71		766
65	65	1/8	1/8	4/4	2	1	1/8	1/8	1		2	50		772
65	65	1/4	1/4	4/4	2	1	1/8	1/8	1		1	55		773
65	65	1/4	1/4	4/4	1	1	1/8	1/8	1		5	59		767
65	65	1/4	1/4	4/4	1	1	1/8	1/8	1		2	62		767
65	65	1/4	1/4	4/4	1	1	1/8	1/8	1		1	67		767
65	65	3/8	3/8	4/4	2	1	1/8	1/8	1		2	50		774
65	65	3/8	3/8	4/4	1	1	1/8	1/8	1		5	59		768
65	65	3/8	3/8	4/4	1	1	1/8	1/8	1		2	62		768
65	65	3/8	3/8	4/4	1	1	1/8	1/8	1		1	67		768
65	65	1/2	1/2	4/4	2	1	1/8	1/8	1		-1	41		775
65	65	1/2	1/2	4/4	1	1	1/8	1/8	1		5	59		769
65	65	1/2	1/2	4/4	1	1	1/8	1/8	1		2	62		769
65	65	1/2	1/2	4/4	1	1	1/8	1/8	1		1	67		769
65	65	5/8	5/8	4/4	2	1	1/8	1/8	1		2	50		776
65	65	3/4	3/4	4/4	2	1	1/8	1/8	1		1	55		777
65	65	3/4	3/4	4/4	1	1	1/4	1/4	1		2	62		770
65	65	3/4	3/4	4/4	1	1	1/4	1/4	1		1	67		770
65	65	3/4	3/4	4/4	1	1	1/4	1/4	1		5	71		770
65	65	7/8	7/8	4/4	2	1	1/8	1/8	1		2	50		778
66	66	0	0	4/4	2	1	1/8	1/8	1		4	40		781
66	66	0	0	4/4	1	1	1/2	1/2	1		4	64		779
66	66	0	0	4/4	1	1	1/2	1/2	1		8	68		779
66	66	0	0	4/4	1	1	1/2	1/2	1		5	71		779
66	66	1/8	1/8	4/4	2	1	1/8	1/8	1		5	47		782
66	66	1/4	1/4	4/4	2	1	1/8	1/8	1		4	52		783
66	66	3/8	3/8	4/4	2	1	1/8	1/8	1		8	56		784
66	66	1/2	1/2	4/4	2	1	1/8	1/8	1		4	52		785
66	66	1/2	1/2	4/4	1	1	1/2	1/2	1		4	64		780
66	66	5/8	5/8	4/4	2	1	1/8	1/8	1		8	56		786
66	66	3/4	3/4	4/4	2	1	1/8	1/8	1		5	59		787
66	66	7/8	7/8	4/4	2	1	1/8	1/8	1		4	64		788
67	67	0	0	4/4	2	1	1/8	1/8	1		3	57		794
67	67	0	0	4/4	1	1	1/4	1/4	1		3	69		789
67	67	0	0	4/4	1	1	1/4	1/4	1		7	73		789
67	67	0	0	4/4	1	1	1/4	1/4	1		4	76		789
67	67	1/8	1/8	4/4	2	1	1/8	1/8	1		7	61		795
67	67	1/4	1/4	4/4	2	1	1/8	1/8	1		4	64		796
67	67	1/4	1/4	4/4	1	1	1/8	1/8	1		3	69		790
67	67	1/4	1/4	4/4	1	1	1/8	1/8	1		7	73		790
67	67	3/8	3/8	4/4	2	1	1/8	1/8	1		7	61		797
67	67	3/8	3/8	4/4	1	1	1/8	1/8	1		3	69		791
67	67	3/8	3/8	4/4	1	1	1/8	1/8	1		7	73		791
67	67	1/2	1/2	4/4	2	1	1/8	1/8	1		8	56		798
67	67	1/2	1/2	4/4	1	1	1/4	1/4	1		3	69		792
67	67	1/2	1/2	4/4	1	1	1/4	1/4	1		7	73		792
67	67	5/8	5/8	4/4	2	1	1/8	1/8	1		7	61		799
67	67	3/4	3/4	4/4	2	1	1/8	1/8	1		4	64		800
67	67	3/4	3/4	4/4	1	1	1/4	1/4	1		3	69		793
67	67	3/4	3/4	4/4	1	1	1/4	1/4	1		7	73		793
67	67	3/4	3/4	4/4	1	1	1/4	1/4	1		4	76		793
67	67	7/8	7/8	4/4	2	1	1/8	1/8	1		7	61		801
68	68	0	0	4/4	2	1	1/8	1/8	1		6	54		808
68	68	0	0	4/4	1	1	1/4	1/4	1		3	69		802
68	68	0	0	4/4	1	1	1/4	1/4	1		7	73		802
68	68	0	0	4/4	1	1	1/4	1/4	1		6	78		802
68	68	1/8	1/8	4/4	2	1	1/8	1/8	1		7	61		809
68	68	1/4	1/4	4/4	2	1	1/8	1/8	1		6	66		810
68	68	1/4	1/4	4/4	1	1	1/8	1/8	1		3	69		803
68	68	1/4	1/4	4/4	1	1	1/8	1/8	1		7	73		803
68	68	1/4	1/4	4/4	1	1	1/8	1/8	1		6	78		803
68	68	3/8	3/8	4/4	2	1	1/8	1/8	1		7	61		811
68	68	3/8	3/8	4/4	1	1	1/8	1/8	1		5	71		804
68	68	3/8	3/8	4/4	1	1	1/8	1/8	1		7	73		804
68	68	3/8	3/8	4/4	1	1	1/8	1/8	1		8	80		804
68	68	1/2	1/2	4/4	2	1	1/8	1/8	1		2	50		812
68	68	1/2	1/2	4/4	1	1	1/8	1/8	1		3	69		805
68	68	1/2	1/2	4/4	1	1	1/8	1/8	1		2	74		805
68	68	1/2	1/2	4/4	1	1	1/8	1/8	1		6	78		805
68	68	5/8	5/8	4/4	2	1	1/8	1/8	1		3	57		813
68	68	5/8	5/8	4/4	1	1	1/8	1/8	1		3	69		806
68	68	5/8	5/8	4/4	1	1	1/8	1/8	1		2	74		806
68	68	5/8	5/8	4/4	1	1	1/8	1/8	1		8	80		806
68	68	3/4	3/4	4/4	2	1	1/8	1/8	1		6	66		814
68	68	3/4	3/4	4/4	1	1	1/4	1/4	1		3	69		807
68	68	3/4	3/4	4/4	1	1	1/4	1/4	1		2	74		807
68	68	3/4	3/4	4/4	1	1	1/4	1/4	1		6	78		807
68	68	7/8	7/8	4/4	2	1	1/8	1/8	1		3	57		815
69	69	0	0	4/4	2	1	1/8	1/8	1		3	45		821
69	69	0	0	4/4	1	1	1/4	1/4	1		3	69		816
69	69	0	0	4/4	1	1	1/4	1/4	1		7	73		816
69	69	0	0	4/4	1	1	1/4	1/4	1		4	76		816
69	69	1/8	1/8	4/4	2	1	1/8	1/8	1		4	52		822
69	69	1/4	1/4	4/4	2	1	1/8	1/8	1		7	61		823
69	69	1/4	1/4	4/4	1	1	1/8	1/8	1		8	68		817
69	69	1/4	1/4	4/4	1	1	1/8	1/8	1		3	69		817
69	69	1/4	1/4	4/4	1	1	1/8	1/8	1		7	73		817
69	69	3/8	3/8	4/4	2	1	1/8	1/8	1		4	52		824
69	69	3/8	3/8	4/4	1	1	1/8	1/8	1		8	68		818
69	69	3/8	3/8	4/4	1	1	1/8	1/8	1		3	69		818
69	69	3/8	3/8	4/4	1	1	1/8	1/8	1		7	73		818
69	69	1/2	1/2	4/4	2	1	1/8	1/8	1		6	42		825
69	69	1/2	1/2	4/4	1	1	1/4	1/4	1		6	66		819
69	69	1/2	1/2	4/4	1	1	1/4	1/4	1		3	69		819
69	69	1/2	1/2	4/4	1	1	1/4	1/4	1		7	73		819
69	69	5/8	5/8	4/4	2	1	1/8	1/8	1		7	49		826
69	69	3/4	3/4	4/4	2	1	1/8	1/8	1		3	57		827
69	69	3/4	3/4	4/4	1	1	1/4	1/4	1		4	64		820
69	69	3/4	3/4	4/4	1	1	1/4	1/4	1		6	66		820
69	69	3/4	3/4	4/4	1	1	1/4	1/4	1		3	69		820
69	69	7/8	7/8	4/4	2	1	1/8	1/8	1		7	49		828
70	70	0	0	4/4	2	1	1/8	1/8	1		5	35		830
70	70	0	0	4/4	1	1	1	1	1	1	9	63		829
70	70	0	0	4/4	1	1	1	1	1	1	6	66		829
70	70	0	0	4/4	1	1	1	1	1	1	3	69		829
70	70	0	0	4/4	1	1	1	1	1	1	7	73		829
70	70	1/8	1/8	4/4	2	1	1/8	1/8	1		6	42		831
70	70	1/4	1/4	4/4	2	1	1/8	1/8	1		5	47		832
70	70	3/8	3/8	4/4	2	1	1/8	1/8	1		6	42		833
70	70	1/2	1/2	4/4	2	1	1/8	1/8	1		6	42		834
70	70	5/8	5/8	4/4	2	1	1/8	1/8	1		5	47		835
70	70	3/4	3/4	4/4	2	1	1/8	1/8	1		6	54		836
70	70	7/8	7/8	4/4	2	1	1/8	1/8	1		5	47		837
71	71	0	0	4/4	2	1	1/8	1/8	1		5	47		843
71	71	0	0	4/4	1	1	1/4	1/4	1	-1	9	63		838
71	71	0	0	4/4	1	1	1/4	1/4	1	-1	6	66		838
71	71	0	0	4/4	1	1	1/4	1/4	1	-1	3	69		838
71	71	0	0	4/4	1	1	1/4	1/4	1	-1	7	73		838
71	71	1/8	1/8	4/4	2	1	1/8	1/8	1		6	54		844
71	71	1/4	1/4	4/4	2	1	1/8	1/8	1		5	59		845
71	71	1/4	1/4	4/4	1	1	1/8	1/8	1		7	61		839
71	71	1/4	1/4	4/4	1	1	1/8	1/8	1		6	66		839
71	71	1/4	1/4	4/4	1	1	1/8	1/8	1		3	69		839
71	71	3/8	3/8	4/4	2	1	1/8	1/8	1		6	54		846
71	71	3/8	3/8	4/4	1	1	1/8	1/8	1		7	61		840
71	71	3/8	3/8	4/4	1	1	1/8	1/8	1		6	66		840
71	71	3/8	3/8	4/4	1	1	1/8	1/8	1		3	69		840
71	71	1/2	1/2	4/4	2	1	1/8	1/8	1		6	42		847
71	71	1/2	1/2	4/4	1	1	1/4	1/4	1		5	59		841
71	71	1/2	1/2	4/4	1	1	1/4	1/4	1		9	63		841
71	71	1/2	1/2	4/4	1	1	1/4	1/4	1		6	66		841
71	71	5/8	5/8	4/4	2	1	1/8	1/8	1		7	49		848
71	71	3/4	3/4	4/4	2	1	1/8	1/8	1		6	54		849
71	71	3/4	3/4	4/4	1	1	1/4	1/4	1		4	64		842
71	71	3/4	3/4	4/4	1	1	1/4	1/4	1		6	66		842
71	71	3/4	3/4	4/4	1	1	1/4	1/4	1		3	69		842
71	71	7/8	7/8	4/4	2	1	1/8	1/8	1		7	49		850
72	72	0	0	4/4	2	1	1/8	1/8	1		5	47		856
72	72	0	0	4/4	1	1	1/4	1/4	1		9	63		851
72	72	0	0	4/4	1	1	1/4	1/4	1		3	69		851
72	72	0	0	4/4	1	1	1/4	1/4	1		7	73		851
72	72	1/8	1/8	4/4	2	1	1/8	1/8	1		6	54		857
72	72	1/4	1/4	4/4	2	1	1/8	1/8	1		5	59		858
72	72	1/4	1/4	4/4	1	1	1/8	1/8	1		7	61		852
72	72	1/4	1/4	4/4	1	1	1/8	1/8	1		6	66		852
72	72	1/4	1/4	4/4	1	1	1/8	1/8	1		3	69		852
72	72	3/8	3/8	4/4	2	1	1/8	1/8	1		6	54		859
72	72	3/8	3/8	4/4	1	1	1/8	1/8	1		7	61		853
72	72	3/8	3/8	4/4	1	1	1/8	1/8	1		6	66		853
72	72	3/8	3/8	4/4	1	1	1/8	1/8	1		3	69		853
72	72	1/2	1/2	4/4	2	1	1/8	1/8	1		6	42		860
72	72	1/2	1/2	4/4	1	1	1/4	1/4	1		5	59		854
72	72	1/2	1/2	4/4	1	1	1/4	1/4	1		9	63		854
72	72	1/2	1/2	4/4	1	1	1/4	1/4	1		6	66		854
72	72	5/8	5/8	4/4	2	1	1/8	1/8	1		7	49		861
72	72	3/4	3/4	4/4	2	1	1/8	1/8	1		6	54		862
72	72	3/4	3/4	4/4	1	1	1/4	1/4	1		4	64		855
72	72	3/4	3/4	4/4	1	1	1/4	1/4	1		6	66		855
72	72	3/4	3/4	4/4	1	1	1/4	1/4	1		3	69		855
72	72	7/8	7/8	4/4	2	1	1/8	1/8	1		7	49		863
73	73	0	0	4/4	2	1	1/8	1/8	1		5	47		867
73	73	0	0	4/4	1	1	1/4	1/4	1		9	63		864
73	73	0	0	4/4	1	1	1/4	1/4	1		3	69		864
73	73	0	0	4/4	1	1	1/4	1/4	1		7	73		864
73	73	1/8	1/8	4/4	2	1	1/8	1/8	1		6	54		868
73	73	1/4	1/4	4/4	2	1	1/8	1/8	1		5	59		869
73	73	1/4	1/4	4/4	1	1	1/2	1/2	1		7	61		865
73	73	1/4	1/4	4/4	1	1	1/2	1/2	1		6	66		865
73	73	1/4	1/4	4/4	1	1	1/2	1/2	1		3	69		865
73	73	3/8	3/8	4/4	2	1	1/8	1/8	1		6	54		870
73	73	1/2	1/2	4/4	2	1	1/8	1/8	1		6	42		871
73	73	5/8	5/8	4/4	2	1	1/8	1/8	1		7	49		872
73	73	3/4	3/4	4/4	2	1	1/8	1/8	1		6	54		873
73	73	3/4	3/4	4/4	1	1	1/4	1/4	1		6	66		866
73	73	3/4	3/4	4/4	1	1	1/4	1/4	1		3	69		866
73	73	3/4	3/4	4/4	1	1	1/4	1/4	1		7	73		866
73	73	7/8	7/8	4/4	2	1	1/8	1/8	1		7	49		874
74	74	0	0	4/4	1	1	1/8	1/8	1		8	68		875
74	74	0	0	4/4	1	1	1/8	1/8	1		9	75		875
74	74	1/8	1/8	4/4	1	1	1/8	1/8	1		9	63		876
74	74	1/4	1/4	4/4	2	1	1/8	1/8	1		8	32		879
74	74	1/4	1/4	4/4	2	1	1/8	1/8	1		9	39		879
74	74	3/8	3/8	4/4	2	1	1/8	1/8	1		8	44		880
74	74	1/2	1/2	4/4	2	1	1/8	1/8	1		8	44		881
74	74	5/8	5/8	4/4	2	1	1/8	1/8	1		9	51		882
74	74	3/4	3/4	4/4	1	1	1/8	1/8	1		9	63		877
74	74	7/8	7/8	4/4	1	1	1/8	1/8	1		8	56		878
75	75	0	0	4/4	2	1	1/8	1/8	1		8	56		889
75	75	1/8	1/8	4/4	2	1	1/8	1/8	1		9	63		890
75	75	1/4	1/4	4/4	1	1	1/8	1/8	1		9	75		883
75	75	3/8	3/8	4/4	1	1	1/8	1/8	1		8	68		884
75	75	1/2	1/2	4/4	1	1	1/8	1/8	1		8	68		885
75	75	5/8	5/8	4/4	1	1	1/8	1/8	1		9	75		886
75	75	3/4	3/4	4/4	1	1	1/8	1/8	1		9	87		887
75	75	7/8	7/8	4/4	1	1	1/8	1/8	1		8	80		888
76	76	0	0	4/4	2	1	1/8	1/8	1		-4	68		897
76	76	0	0	4/4	1	2	1/2	1/2	1		0	84		895
76	76	0	0	4/4	1	1	1/4	1/4	1		-3	87		891
76	76	1/8	1/8	4/4	2	1	1/8	1/8	1		0	72		898
76	76	1/4	1/4	4/4	2	1	1/8	1/8	1		-3	75		899
76	76	1/4	1/4	4/4	1	1	1/4	1/4	1		0	84		892
76	76	3/8	3/8	4/4	2	1	1/8	1/8	1		0	72		900
76	76	1/2	1/2	4/4	2	1	1/8	1/8	1		-4	68		901
76	76	1/2	1/2	4/4	1	2	1/2	1/2	1		5	83		896
76	76	1/2	1/2	4/4	1	1	1/4	1/4	1		-3	87		893
76	76	5/8	5/8	4/4	2	1	1/8	1/8	1		5	71		902
76	76	3/4	3/4	4/4	2	1	1/8	1/8	1		-3	75		903
76	76	3/4	3/4	4/4	1	1	1/4	1/4	1		1	91		894
76	76	7/8	7/8	4/4	2	1	1/8	1/8	1		5	71		904
77	77	0	0	4/4	2	1	1/8	1/8	1		-4	68		910
77	77	0	0	4/4	1	2	1/2	1/2	1		0	84		908
77	77	0	0	4/4	1	1	1/2	1/2	1		-3	87		905
77	77	1/8	1/8	4/4	2	1	1/8	1/8	1		0	72		911
77	77	1/4	1/4	4/4	2	1	1/8	1/8	1		-3	75		912
77	77	3/8	3/8	4/4	2	1	1/8	1/8	1		0	72		913
77	77	1/2	1/2	4/4	2	1	1/8	1/8	1		1	67		914
77	77	1/2	1/2	4/4	1	2	1/2	1/2	1	1	-4	80		909
77	77	1/2	1/2	4/4	1	1	1/4	1/4	1		0	84		906
77	77	5/8	5/8	4/4	2	1	1/8	1/8	1		-4	68		915
77	77	3/4	3/4	4/4	2	1	1/8	1/8	1		0	72		916
77	77	3/4	3/4	4/4	1	1	1/4	1/4	1		-3	87		907
77	77	7/8	7/8	4/4	2	1	1/8	1/8	1		1	67		917
78	78	0	0	4/4	2	1	1/8	1/8	1		-1	65		925
78	78	0	0	4/4	1	2	1/2	1/2	1	-1	-4	80		923
78	78	0	0	4/4	1	1	1/6	1/4	2/3		0	84		918
78	78	1/8	1/8	4/4	2	1	1/8	1/8	1		-4	68		926
78	78	1/6	1/6	4/4	1	1	1/6	1/4	2/3		-2	82		919
78	78	1/4	1/4	4/4	2	1	1/8	1/8	1		0	72		927
78	78	1/3	1/3	4/4	1	1	1/6	1/4	2/3		0	84		920
78	78	3/8	3/8	4/4	2	1	1/8	1/8	1		-4	68		928
78	78	1/2	1/2	4/4	2	1	1/8	1/8	1		-3	63		929
78	78	1/2	1/2	4/4	1	2	1/2	1/2	1		1	79		924
78	78	1/2	1/2	4/4	1	1	1/4	1/4	1		-4	80		921
78	78	5/8	5/8	4/4	2	1	1/8	1/8	1		1	67		930
78	78	3/4	3/4	4/4	2	1	1/8	1/8	1		-4	68		931
78	78	3/4	3/4	4/4	1	1	1/4	1/4	1		0	84		922
78	78	7/8	7/8	4/4	2	1	1/8	1/8	1		1	67		932
79	79	0	0	4/4	2	1	1/8	1/8	1		-5	61		937
79	79	0	0	4/4	1	2	1/2	1/2	1		-1	77		936
79	79	0	0	4/4	1	1	1/2	1/2	1		-2	82		933
79	79	1/8	1/8	4/4	2	1	1/8	1/8	1		-1	65		938
79	79	1/4	1/4	4/4	2	1	1/8	1/8	1		-4	68		939
79	79	3/8	3/8	4/4	2	1	1/8	1/8	1		-1	65		940
79	79	1/2	1/2	4/4	2	1	1/8	1/8	1		-3	63		941
79	79	1/2	1/2	4/4	1	1	1/4	1/4	1		-2	70		934
79	79	5/8	5/8	4/4	2	1	1/8	1/8	1		-1	65		942
79	79	3/4	3/4	4/4	2	1	1/8	1/8	1		-4	68		943
79	79	3/4	3/4	4/4	1	1	1/4	1/4	1		0	72		935
79	79	7/8	7/8	4/4	2	1	1/8	1/8	1		-1	65		944
80	80	0	0	4/4	2	1	1/8	1/8	1		-1	65		948
80	80	0	0	4/4	2	2	1/2	1/2	1		-1	65		956
80	80	0	0	4/4	1	1	1/2	1/2	1		-5	73		945
80	80	1/8	1/8	4/4	2	1	1/8	1/8	1		-4	68		949
80	80	1/4	1/4	4/4	2	1	1/8	1/8	1		-2	70		950
80	80	3/8	3/8	4/4	2	1	1/8	1/8	1		-4	68		951
80	80	1/2	1/2	4/4	2	1	1/8	1/8	1		-3	63		952
80	80	1/2	1/2	4/4	2	2	1/2	1/2	1		-3	63		957
80	80	1/2	1/2	4/4	1	1	1/4	1/4	1		0	72		946
80	80	5/8	5/8	4/4	2	1	1/8	1/8	1		1	67		953
80	80	3/4	3/4	4/4	2	1	1/8	1/8	1		-4	68		954
80	80	3/4	3/4	4/4	1	1	1/4	1/4	1		-1	77		947
80	80	7/8	7/8	4/4	2	1	1/8	1/8	1		1	67		955
81	81	0	0	4/4	2	1	1/8	1/8	1		-5	61		961
81	81	0	0	4/4	2	2	1/2	1/2	1		-5	61		969
81	81	0	0	4/4	1	1	1/2	1/2	1		-2	70		958
81	81	1/8	1/8	4/4	2	1	1/8	1/8	1		-1	65		962
81	81	1/4	1/4	4/4	2	1	1/8	1/8	1		1	67		963
81	81	3/8	3/8	4/4	2	1	1/8	1/8	1		-1	65		964
81	81	1/2	1/2	4/4	2	1	1/8	1/8	1		0	60		965
81	81	1/2	1/2	4/4	2	2	1/2	1/2	1		0	60		970
81	81	1/2	1/2	4/4	1	1	1/4	1/4	1		-4	68		959
81	81	5/8	5/8	4/4	2	1	1/8	1/8	1		-3	63		966
81	81	3/4	3/4	4/4	2	1	1/8	1/8	1		-1	65		967
81	81	3/4	3/4	4/4	1	1	1/4	1/4	1		-1	77		960
81	81	7/8	7/8	4/4	2	1	1/8	1/8	1		-3	63		968
82	82	0	0	4/4	2	1	1/8	1/8	1		-2	58		974
82	82	0	0	4/4	2	2	1/2	1/2	1		-2	58		982
82	82	0	0	4/4	1	1	1/2	1/2	1		1	67		971
82	82	1/8	1/8	4/4	2	1	1/8	1/8	1		-5	61		975
82	82	1/4	1/4	4/4	2	1	1/8	1/8	1		-3	63		976
82	82	3/8	3/8	4/4	2	1	1/8	1/8	1		-5	61		977
82	82	1/2	1/2	4/4	2	1	1/8	1/8	1		-4	56		978
82	82	1/2	1/2	4/4	2	2	1/2	1/2	1		-4	56		983
82	82	1/2	1/2	4/4	1	1	1/4	1/4	1		-1	65		972
82	82	5/8	5/8	4/4	2	1	1/8	1/8	1		0	60		979
82	82	3/4	3/4	4/4	2	1	1/8	1/8	1		-5	61		980
82	82	3/4	3/4	4/4	1	1	1/4	1/4	1		-1	77		973
82	82	7/8	7/8	4/4	2	1	1/8	1/8	1		0	60		981
83	83	0	0	4/4	2	1	1/8	1/8	1		1	55		985
83	83	0	0	4/4	2	2	1/2	1/2	1		1	55		993
83	83	0	0	4/4	1	1	1	1	1	1	-3	63		984
83	83	1/8	1/8	4/4	2	1	1/8	1/8	1		-2	58		986
83	83	1/4	1/4	4/4	2	1	1/8	1/8	1		-5	61		987
83	83	3/8	3/8	4/4	2	1	1/8	1/8	1		-2	58		988
83	83	1/2	1/2	4/4	2	1	1/8	1/8	1		-1	53		989
83	83	1/2	1/2	4/4	2	2	1/4	1/4	1		-1	53		994
83	83	5/8	5/8	4/4	2	1	1/8	1/8	1		-2	58		990
83	83	5/8	5/8	4/4	2	1	1/8	1/8	1		-5	61		990
83	83	3/4	3/4	4/4	2	1	1/8	1/8	1		-3	51		991
83	83	3/4	3/4	4/4	2	2	1/4	1/4	1		-3	51		995
83	83	7/8	7/8	4/4	2	1	1/8	1/8	1		-2	58		992
83	83	7/8	7/8	4/4	2	1	1/8	1/8	1		-5	61		992
84	84	0	0	4/4	2	1	1/8	1/8	1		-4	44		1001
84	84	0	0	4/4	1	1	1/4	1/4	1	-1	-3	63		996
84	84	1/8	1/8	4/4	2	1	1/8	1/8	1		-3	51		1002
84	84	1/4	1/4	4/4	2	1	1/8	1/8	1		-4	44		1003
84	84	1/4	1/4	4/4	1	1	1/4	1/4	1		0	60		997
84	84	3/8	3/8	4/4	2	1	1/8	1/8	1		-3	51		1004
84	84	1/2	1/2	4/4	2	1	1/8	1/8	1		1	43		1005
84	84	1/2	1/2	4/4	1	2	1/2	1/2	1		5	59		1000
84	84	1/2	1/2	4/4	1	1	1/4	1/4	1		-3	63		998
84	84	5/8	5/8	4/4	2	1	1/8	1/8	1		-3	51		1006
84	84	3/4	3/4	4/4	2	1	1/8	1/8	1		1	43		1007
84	84	3/4	3/4	4/4	1	1	1/4	1/4	1		1	67		999
84	84	7/8	7/8	4/4	2	1	1/8	1/8	1		-3	51		1008
85	85	0	0	4/4	2	1	1/8	1/8	1		-4	44		1014
85	85	0	0	4/4	1	2	1/2	1/2	1		0	60		1012
85	85	0	0	4/4	1	1	1/2	1/2	1		-3	63		1009
85	85	1/8	1/8	4/4	2	1	1/8	1/8	1		-3	51		1015
85	85	1/4	1/4	4/4	2	1	1/8	1/8	1		-4	44		1016
85	85	3/8	3/8	4/4	2	1	1/8	1/8	1		-3	51		1017
85	85	1/2	1/2	4/4	2	1	1/8	1/8	1		1	43		1018
85	85	1/2	1/2	4/4	1	2	1/2	1/2	1		-2	58		1013
85	85	1/2	1/2	4/4	1	1	1/4	1/4	1		0	60		1010
85	85	5/8	5/8	4/4	2	1	1/8	1/8	1		-3	51		1019
85	85	3/4	3/4	4/4	2	1	1/8	1/8	1		1	43		1020
85	85	3/4	3/4	4/4	1	1	1/4	1/4	1		-3	63		1011
85	85	7/8	7/8	4/4	2	1	1/8	1/8	1		-3	51		1021
86	86	0	0	4/4	2	1	1/8	1/8	1		-1	41		1029
86	86	0	0	4/4	1	2	1/2	1/2	1		-4	56		1027
86	86	0	0	4/4	1	1	1/6	1/4	2/3		0	60		1022
86	86	1/8	1/8	4/4	2	1	1/8	1/8	1		0	48		1030
86	86	1/6	1/6	4/4	1	1	1/6	1/4	2/3		-2	58		1023
86	86	1/4	1/4	4/4	2	1	1/8	1/8	1		-1	41		1031
86	86	1/3	1/3	4/4	1	1	1/6	1/4	2/3		0	60		1024
86	86	3/8	3/8	4/4	2	1	1/8	1/8	1		0	48		1032
86	86	1/2	1/2	4/4	2	1	1/8	1/8	1		-3	39		1033
86	86	1/2	1/2	4/4	1	2	1/2	1/2	1		1	55		1028
86	86	1/2	1/2	4/4	1	1	1/4	1/4	1		-4	56		1025
86	86	5/8	5/8	4/4	2	1	1/8	1/8	1		0	48		1034
86	86	3/4	3/4	4/4	2	1	1/8	1/8	1		-3	39		1035
86	86	3/4	3/4	4/4	1	1	1/4	1/4	1		0	60		1026
86	86	7/8	7/8	4/4	2	1	1/8	1/8	1		0	48		1036
87	87	0	0	4/4	2	1	1/8	1/8	1		-4	32		1042
87	87	0	0	4/4	1	2	1/2	1/2	1	1	2	50		1040
87	87	0	0	4/4	1	2	1/2	1/2	1	1	-1	53		1040
87	87	0	0	4/4	1	1	1/2	1/2	1		-2	58		1037
87	87	1/8	1/8	4/4	2	1	1/8	1/8	1		-4	44		1043
87	87	1/4	1/4	4/4	2	1	1/8	1/8	1		-4	32		1044
87	87	3/8	3/8	4/4	2	1	1/8	1/8	1		-4	44		1045
87	87	1/2	1/2	4/4	2	1	1/8	1/8	1		-4	32		1046
87	87	1/2	1/2	4/4	1	2	1/2	1/2	1	-1	2	50		1041
87	87	1/2	1/2	4/4	1	2	1/2	1/2	1	-1	-1	53		1041
87	87	1/2	1/2	4/4	1	1	1/4	1/4	1		-4	56		1038
87	87	5/8	5/8	4/4	2	1	1/8	1/8	1		-4	44		1047
87	87	3/4	3/4	4/4	2	1	1/8	1/8	1		-4	32		1048
87	87	3/4	3/4	4/4	1	1	1/4	1/4	1		-2	58		1039
87	87	7/8	7/8	4/4	2	1	1/8	1/8	1		-4	44		1049
88	88	0	0	4/4	2	1	1/8	1/8	1		8	44		1055
88	88	0	0	4/4	1	1	1/4	1/4	1		4	64		1050
88	88	0	0	4/4	1	1	1/4	1/4	1		8	68		1050
88	88	0	0	4/4	1	1	1/4	1/4	1		5	71		1050
88	88	1/8	1/8	4/4	2	1	1/8	1/8	1		4	52		1056
88	88	1/4	1/4	4/4	2	1	1/8	1/8	1		5	59		1057
88	88	1/4	1/4	4/4	1	1	1/8	1/8	1		4	64		1051
88	88	1/4	1/4	4/4	1	1	1/8	1/8	1		8	68		1051
88	88	3/8	3/8	4/4	2	1	1/8	1/8	1		4	52		1058
88	88	3/8	3/8	4/4	1	1	1/8	1/8	1		4	64		1052
88	88	3/8	3/8	4/4	1	1	1/8	1/8	1		8	68		1052
88	88	1/2	1/2	4/4	2	1	1/8	1/8	1		8	44		1059
88	88	1/2	1/2	4/4	1	1	1/4	1/4	1		4	64		1053
88	88	1/2	1/2	4/4	1	1	1/4	1/4	1		8	68		1053
88	88	5/8	5/8	4/4	2	1	1/8	1/8	1		4	52		1060
88	88	3/4	3/4	4/4	2	1	1/8	1/8	1		5	59		1061
88	88	3/4	3/4	4/4	1	1	1/4	1/4	1		4	64		1054
88	88	3/4	3/4	4/4	1	1	1/4	1/4	1		8	68		1054
88	88	3/4	3/4	4/4	1	1	1/4	1/4	1		5	71		1054
88	88	7/8	7/8	4/4	2	1	1/8	1/8	1		4	52		1062
89	89	0	0	4/4	2	1	1/8	1/8	1		8	44		1069
89	89	0	0	4/4	1	1	1/4	1/4	1		4	64		1063
89	89	0	0	4/4	1	1	1/4	1/4	1		8	68		1063
89	89	0	0	4/4	1	1	1/4	1/4	1		7	73		1063
89	89	1/8	1/8	4/4	2	1	1/8	1/8	1		4	52		1070
89	89	1/4	1/4	4/4	2	1	1/8	1/8	1		10	58		1071
89	89	1/4	1/4	4/4	1	1	1/8	1/8	1		4	64		1064
89	89	1/4	1/4	4/4	1	1	1/8	1/8	1		8	68		1064
89	89	1/4	1/4	4/4	1	1	1/8	1/8	1		7	73		1064
89	89	3/8	3/8	4/4	2	1	1/8	1/8	1		4	52		1072
89	89	3/8	3/8	4/4	1	1	1/8	1/8	1		4	64		1065
89	89	3/8	3/8	4/4	1	1	1/8	1/8	1		8	68		1065
89	89	3/8	3/8	4/4	1	1	1/8	1/8	1		9	75		1065
89	89	1/2	1/2	4/4	2	1	1/8	1/8	1		8	44		1073
89	89	1/2	1/2	4/4	1	1	1/8	1/8	1		4	64		1066
89	89	1/2	1/2	4/4	1	1	1/8	1/8	1		8	68		1066
89	89	1/2	1/2	4/4	1	1	1/8	1/8	1		7	73		1066
89	89	5/8	5/8	4/4	2	1	1/8	1/8	1		4	52		1074
89	89	5/8	5/8	4/4	1	1	1/8	1/8	1		4	64		1067
89	89	5/8	5/8	4/4	1	1	1/8	1/8	1		8	68		1067
89	89	5/8	5/8	4/4	1	1	1/8	1/8	1		9	75		1067
89	89	3/4	3/4	4/4	2	1	1/8	1/8	1		10	58		1075
89	89	3/4	3/4	4/4	1	1	1/4	1/4	1		4	64		1068
89	89	3/4	3/4	4/4	1	1	1/4	1/4	1		8	68		1068
89	89	3/4	3/4	4/4	1	1	1/4	1/4	1		7	73		1068
89	89	7/8	7/8	4/4	2	1	1/8	1/8	1		4	52		1076
90	90	0	0	4/4	2	1	1/8	1/8	1		8	44		1082
90	90	0	0	4/4	1	1	1/4	1/4	1		4	64		1077
90	90	0	0	4/4	1	1	1/4	1/4	1		8	68		1077
90	90	0	0	4/4	1	1	1/4	1/4	1		5	71		1077
90	90	1/8	1/8	4/4	2	1	1/8	1/8	1		4	52		1083
90	90	1/4	1/4	4/4	2	1	1/8	1/8	1		5	59		1084
90	90	1/4	1/4	4/4	1	1	1/8	1/8	1		4	64		1078
90	90	1/4	1/4	4/4	1	1	1/8	1/8	1		8	68		1078
90	90	3/8	3/8	4/4	2	1	1/8	1/8	1		4	52		1085
90	90	3/8	3/8	4/4	1	1	1/8	1/8	1		4	64		1079
90	90	3/8	3/8	4/4	1	1	1/8	1/8	1		8	68		1079
90	90	1/2	1/2	4/4	2	1	1/8	1/8	1		8	44		1086
90	90	1/2	1/2	4/4	1	1	1/4	1/4	1		4	64		1080
90	90	1/2	1/2	4/4	1	1	1/4	1/4	1		8	68		1080
90	90	5/8	5/8	4/4	2	1	1/8	1/8	1		4	52		1087
90	90	3/4	3/4	4/4	2	1	1/8	1/8	1		5	59		1088
90	90	3/4	3/4	4/4	1	1	1/4	1/4	1		4	64		1081
90	90	3/4	3/4	4/4	1	1	1/4	1/4	1		8	68		1081
90	90	3/4	3/4	4/4	1	1	1/4	1/4	1		5	71		1081
90	90	7/8	7/8	4/4	2	1	1/8	1/8	1		4	52		1089
91	91	0	0	4/4	2	1	1/8	1/8	1		-4	44		1091
91	91	0	0	4/4	1	1	1	1	1		2	62		1090
91	91	0	0	4/4	1	1	1	1	1		-1	65		1090
91	91	0	0	4/4	1	1	1	1	1		-4	68		1090
91	91	0	0	4/4	1	1	1	1	1		-2	70		1090
91	91	1/8	1/8	4/4	2	1	1/8	1/8	1		-1	53		1092
91	91	1/4	1/4	4/4	2	1	1/8	1/8	1		-2	58		1093
91	91	3/8	3/8	4/4	2	1	1/8	1/8	1		-1	53		1094
91	91	1/2	1/2	4/4	2	1	1/8	1/8	1		-4	56		1095
91	91	5/8	5/8	4/4	2	1	1/8	1/8	1		6	66		1096
91	91	3/4	3/4	4/4	2	1	1/8	1/8	1		5	71		1097
91	91	7/8	7/8	4/4	2	1	1/8	1/8	1		6	66		1098
92	92	0	0	4/4	2	1	1/8	1/8	1		8	56		1104
92	92	0	0	4/4	1	1	1/4	1/4	1		4	76		1099
92	92	0	0	4/4	1	1	1/4	1/4	1		8	80		1099
92	92	0	0	4/4	1	1	1/4	1/4	1		5	83		1099
92	92	1/8	1/8	4/4	2	1	1/8	1/8	1		4	64		1105
92	92	1/4	1/4	4/4	2	1	1/8	1/8	1		5	71		1106
92	92	1/4	1/4	4/4	1	1	1/8	1/8	1		4	76		1100
92	92	1/4	1/4	4/4	1	1	1/8	1/8	1		8	80		1100
92	92	3/8	3/8	4/4	2	1	1/8	1/8	1		4	64		1107
92	92	3/8	3/8	4/4	1	1	1/8	1/8	1		4	76		1101
92	92	3/8	3/8	4/4	1	1	1/8	1/8	1		8	80		1101
92	92	1/2	1/2	4/4	2	1	1/8	1/8	1		8	56		1108
92	92	1/2	1/2	4/4	1	1	1/4	1/4	1		4	76		1102
92	92	1/2	1/2	4/4	1	1	1/4	1/4	1		8	80		1102
92	92	5/8	5/8	4/4	2	1	1/8	1/8	1		4	64		1109
92	92	3/4	3/4	4/4	2	1	1/8	1/8	1		5	71		1110
92	92	3/4	3/4	4/4	1	1	1/4	1/4	1		4	76		1103
92	92	3/4	3/4	4/4	1	1	1/4	1/4	1		8	80		1103
92	92	3/4	3/4	4/4	1	1	1/4	1/4	1		5	83		1103
92	92	7/8	7/8	4/4	2	1	1/8	1/8	1		4	64		1111
93	93	0	0	4/4	2	1	1/8	1/8	1		8	56		1118
93	93	0	0	4/4	1	1	1/4	1/4	1		4	76		1112
93	93	0	0	4/4	1	1	1/4	1/4	1		8	80		1112
93	93	0	0	4/4	1	1	1/4	1/4	1		7	85		1112
93	93	1/8	1/8	4/4	2	1	1/8	1/8	1		4	64		1119
93	93	1/4	1/4	4/4	2	1	1/8	1/8	1		10	70		1120
93	93	1/4	1/4	4/4	1	1	1/8	1/8	1		4	76		1113
93	93	1/4	1/4	4/4	1	1	1/8	1/8	1		8	80		1113
93	93	1/4	1/4	4/4	1	1	1/8	1/8	1		7	85		1113
93	93	3/8	3/8	4/4	2	1	1/8	1/8	1		4	64		1121
93	93	3/8	3/8	4/4	1	1	1/8	1/8	1		4	76		1114
93	93	3/8	3/8	4/4	1	1	1/8	1/8	1		8	80		1114
93	93	3/8	3/8	4/4	1	1	1/8	1/8	1		9	87		1114
93	93	1/2	1/2	4/4	2	1	1/8	1/8	1		8	56		1122
93	93	1/2	1/2	4/4	1	1	1/8	1/8	1		4	76		1115
93	93	1/2	1/2	4/4	1	1	1/8	1/8	1		8	80		1115
93	93	1/2	1/2	4/4	1	1	1/8	1/8	1		7	85		1115
93	93	5/8	5/8	4/4	2	1	1/8	1/8	1		4	64		1123
93	93	5/8	5/8	4/4	1	1	1/8	1/8	1		4	76		1116
93	93	5/8	5/8	4/4	1	1	1/8	1/8	1		8	80		1116
93	93	5/8	5/8	4/4	1	1	1/8	1/8	1		9	87		1116
93	93	3/4	3/4	4/4	2	1	1/8	1/8	1		10	70		1124
93	93	3/4	3/4	4/4	1	1	1/4	1/4	1		4	76		1117
93	93	3/4	3/4	4/4	1	1	1/4	1/4	1		8	80		1117
93	93	3/4	3/4	4/4	1	1	1/4	1/4	1		7	85		1117
93	93	7/8	7/8	4/4	2	1	1/8	1/8	1		4	64		1125
94	94	0	0	4/4	2	1	1/8	1/8	1		8	56		1131
94	94	0	0	4/4	1	1	1/4	1/4	1		4	76		1126
94	94	0	0	4/4	1	1	1/4	1/4	1		8	80		1126
94	94	0	0	4/4	1	1	1/4	1/4	1		5	83		1126
94	94	1/8	1/8	4/4	2	1	1/8	1/8	1		4	64		1132
94	94	1/4	1/4	4/4	2	1	1/8	1/8	1		5	71		1133
94	94	1/4	1/4	4/4	1	1	1/8	1/8	1		4	76		1127
94	94	1/4	1/4	4/4	1	1	1/8	1/8	1		8	80		1127
94	94	3/8	3/8	4/4	2	1	1/8	1/8	1		4	64		1134
94	94	3/8	3/8	4/4	1	1	1/8	1/8	1		4	76		1128
94	94	3/8	3/8	4/4	1	1	1/8	1/8	1		8	80		1128
94	94	1/2	1/2	4/4	2	1	1/8	1/8	1		8	56		1135
94	94	1/2	1/2	4/4	1	1	1/4	1/4	1		4	76		1129
94	94	1/2	1/2	4/4	1	1	1/4	1/4	1		8	80		1129
94	94	5/8	5/8	4/4	2	1	1/8	1/8	1		4	64		1136
94	94	3/4	3/4	4/4	2	1	1/8	1/8	1		5	71		1137
94	94	3/4	3/4	4/4	1	1	1/4	1/4	1		4	76		1130
94	94	3/4	3/4	4/4	1	1	1/4	1/4	1		8	80		1130
94	94	3/4	3/4	4/4	1	1	1/4	1/4	1		5	83		1130
94	94	7/8	7/8	4/4	2	1	1/8	1/8	1		4	64		1138
95	95	0	0	4/4	2	1	1	1	1	1	-4	56		1147
95	95	0	0	4/4	1	1	1/8	1/8	1		-1	77		1139
95	95	0	0	4/4	1	1	1/8	1/8	1		-2	82		1139
95	95	1/8	1/8	4/4	1	1	1/8	1/8	1		2	74		1140
95	95	1/4	1/4	4/4	1	1	1/8	1/8	1		2	62		1141
95	95	1/4	1/4	4/4	1	1	1/8	1/8	1		-1	65		1141
95	95	3/8	3/8	4/4	1	1	1/8	1/8	1		-2	70		1142
95	95	1/2	1/2	4/4	1	1	1/8	1/8	1		-1	77		1143
95	95	1/2	1/2	4/4	1	1	1/8	1/8	1		-2	82		1143
95	95	5/8	5/8	4/4	1	1	1/8	1/8	1		2	74		1144
95	95	3/4	3/4	4/4	1	1	1/8	1/8	1		2	62		1145
95	95	3/4	3/4	4/4	1	1	1/8	1/8	1		-1	65		1145
95	95	7/8	7/8	4/4	1	1	1/8	1/8	1		-2	70		1146
96	96	0	0	4/4	2	1	1	1	1	0	-4	56		1156
96	96	0	0	4/4	1	1	1/8	1/8	1		-1	77		1148
96	96	0	0	4/4	1	1	1/8	1/8	1		-2	82		1148
96	96	1/8	1/8	4/4	1	1	1/8	1/8	1		2	74		1149
96	96	1/4	1/4	4/4	1	1	1/8	1/8	1		2	62		1150
96	96	1/4	1/4	4/4	1	1	1/8	1/8	1		-1	65		1150
96	96	3/8	3/8	4/4	1	1	1/8	1/8	1		-2	70		1151
96	96	1/2	1/2	4/4	1	1	1/8	1/8	1		-1	77		1152
96	96	1/2	1/2	4/4	1	1	1/8	1/8	1		-2	82		1152
96	96	5/8	5/8	4/4	1	1	1/8	1/8	1		2	74		1153
96	96	3/4	3/4	4/4	1	1	1/8	1/8	1		2	62		1154
96	96	3/4	3/4	4/4	1	1	1/8	1/8	1		-1	65		1154
96	96	7/8	7/8	4/4	1	1	1/8	1/8	1		-2	70		1155
97	97	0	0	4/4	2	1	1	1	1	-1	-4	56		1165
97	97	0	0	4/4	1	1	1/8	1/8	1		-1	77		1157
97	97	0	0	4/4	1	1	1/8	1/8	1		-2	82		1157
97	97	1/8	1/8	4/4	1	1	1/8	1/8	1		2	74		1158
97	97	1/4	1/4	4/4	1	1	1/8	1/8	1		2	62		1159
97	97	1/4	1/4	4/4	1	1	1/8	1/8	1		-1	65		1159
97	97	3/8	3/8	4/4	1	1	1/8	1/8	1		-2	70		1160
97	97	1/2	1/2	4/4	1	1	1/8	1/8	1		6	78		1161
97	97	1/2	1/2	4/4	1	1	1/8	1/8	1		5	83		1161
97	97	5/8	5/8	4/4	1	1	1/8	1/8	1		9	75		1162
97	97	3/4	3/4	4/4	1	1	1/8	1/8	1		9	63		1163
97	97	3/4	3/4	4/4	1	1	1/8	1/8	1		6	66		1163
97	97	7/8	7/8	4/4	1	1	1/8	1/8	1		5	71		1164
98	98	0	0	4/4	2	1	1	1	1		5	59		1174
98	98	0	0	4/4	1	1	1/8	1/8	1		8	80		1166
98	98	0	0	4/4	1	1	1/8	1/8	1		7	85		1166
98	98	1/8	1/8	4/4	1	1	1/8	1/8	1		11	77		1167
98	98	1/4	1/4	4/4	1	1	1/8	1/8	1		11	65		1168
98	98	1/4	1/4	4/4	1	1	1/8	1/8	1		8	68		1168
98	98	3/8	3/8	4/4	1	1	1/8	1/8	1		7	73		1169
98	98	1/2	1/2	4/4	1	1	1/8	1/8	1		6	78		1170
98	98	1/2	1/2	4/4	1	1	1/8	1/8	1		5	83		1170
98	98	5/8	5/8	4/4	1	1	1/8	1/8	1		9	75		1171
98	98	3/4	3/4	4/4	1	1	1/8	1/8	1		9	63		1172
98	98	3/4	3/4	4/4	1	1	1/8	1/8	1		6	66		1172
98	98	7/8	7/8	4/4	1	1	1/8	1/8	1		5	71		1173
99	99	0	0	4/4	2	1	1	1	1		-4	56		1183
99	99	0	0	4/4	1	1	1/8	1/8	1		-1	77		1175
99	99	0	0	4/4	1	1	1/8	1/8	1		-2	82		1175
99	99	1/8	1/8	4/4	1	1	1/8	1/8	1		2	74		1176
99	99	1/4	1/4	4/4	1	1	1/8	1/8	1		2	62		1177
99	99	1/4	1/4	4/4	1	1	1/8	1/8	1		-1	65		1177
99	99	3/8	3/8	4/4	1	1	1/8	1/8	1		-2	70		1178
99	99	1/2	1/2	4/4	1	1	1/8	1/8	1		6	78		1179
99	99	1/2	1/2	4/4	1	1	1/8	1/8	1		5	83		1179
99	99	5/8	5/8	4/4	1	1	1/8	1/8	1		9	75		1180
99	99	3/4	3/4	4/4	1	1	1/8	1/8	1		9	63		1181
99	99	3/4	3/4	4/4	1	1	1/8	1/8	1		6	66		1181
99	99	7/8	7/8	4/4	1	1	1/8	1/8	1		5	71		1182
100	100	0	0	4/4	2	1	1	1	1		5	59		1192
100	100	0	0	4/4	1	1	1/8	1/8	1		8	80		1184
100	100	0	0	4/4	1	1	1/8	1/8	1		7	85		1184
100	100	1/8	1/8	4/4	1	1	1/8	1/8	1		11	77		1185
100	100	1/4	1/4	4/4	1	1	1/8	1/8	1		11	65		1186
100	100	1/4	1/4	4/4	1	1	1/8	1/8	1		8	68		1186
100	100	3/8	3/8	4/4	1	1	1/8	1/8	1		7	73		1187
100	100	1/2	1/2	4/4	1	1	1/8	1/8	1		6	78		1188
100	100	1/2	1/2	4/4	1	1	1/8	1/8	1		5	83		1188
100	100	5/8	5/8	4/4	1	1	1/8	1/8	1		9	75		1189
100	100	3/4	3/4	4/4	1	1	1/8	1/8	1		9	63		1190
100	100	3/4	3/4	4/4	1	1	1/8	1/8	1		6	66		1190
100	100	7/8	7/8	4/4	1	1	1/8	1/8	1		5	71		1191
101	101	0	0	4/4	2	1	1	1	1		-4	56		1201
101	101	0	0	4/4	1	1	1/8	1/8	1		-1	77		1193
101	101	0	0	4/4	1	1	1/8	1/8	1		-2	82		1193
101	101	1/8	1/8	4/4	1	1	1/8	1/8	1		2	74		1194
101	101	1/4	1/4	4/4	1	1	1/8	1/8	1		2	62		1195
101	101	1/4	1/4	4/4	1	1	1/8	1/8	1		-1	65		1195
101	101	3/8	3/8	4/4	1	1	1/8	1/8	1		-2	70		1196
101	101	1/2	1/2	4/4	1	1	1/8	1/8	1		6	78		1197
101	101	1/2	1/2	4/4	1	1	1/8	1/8	1		5	83		1197
101	101	5/8	5/8	4/4	1	1	1/8	1/8	1		9	75		1198
101	101	3/4	3/4	4/4	1	1	1/8	1/8	1		9	63		1199
101	101	3/4	3/4	4/4	1	1	1/8	1/8	1		6	66		1199
101	101	7/8	7/8	4/4	1	1	1/8	1/8	1		5	71		1200
102	102	0	0	4/4	2	1	1	1	1	1	5	59		1210
102	102	0	0	4/4	1	1	1/8	1/8	1		8	80		1202
102	102	0	0	4/4	1	1	1/8	1/8	1		7	85		1202
102	102	1/8	1/8	4/4	1	1	1/8	1/8	1		11	77		1203
102	102	1/4	1/4	4/4	1	1	1/8	1/8	1		11	65		1204
102	102	1/4	1/4	4/4	1	1	1/8	1/8	1		8	68		1204
102	102	3/8	3/8	4/4	1	1	1/8	1/8	1		7	73		1205
102	102	1/2	1/2	4/4	1	1	1/8	1/8	1		8	80		1206
102	102	1/2	1/2	4/4	1	1	1/8	1/8	1		7	85		1206
102	102	5/8	5/8	4/4	1	1	1/8	1/8	1		11	77		1207
102	102	3/4	3/4	4/4	1	1	1/8	1/8	1		11	65		1208
102	102	3/4	3/4	4/4	1	1	1/8	1/8	1		8	68		1208
102	102	7/8	7/8	4/4	1	1	1/8	1/8	1		7	73		1209
103	103	0	0	4/4	2	1	1	1	1	-1	5	59		1219
103	103	0	0	4/4	1	1	1/8	1/8	1		8	80		1211
103	103	0	0	4/4	1	1	1/8	1/8	1		7	85		1211
103	103	1/8	1/8	4/4	1	1	1/8	1/8	1		11	77		1212
103	103	1/4	1/4	4/4	1	1	1/8	1/8	1		11	65		1213
103	103	1/4	1/4	4/4	1	1	1/8	1/8	1		8	68		1213
103	103	3/8	3/8	4/4	1	1	1/8	1/8	1		7	73		1214
103	103	1/2	1/2	4/4	1	1	1/8	1/8	1		8	80		1215
103	103	1/2	1/2	4/4	1	1	1/8	1/8	1		7	85		1215
103	103	5/8	5/8	4/4	1	1	1/8	1/8	1		11	77		1216
103	103	3/4	3/4	4/4	1	1	1/8	1/8	1		11	65		1217
103	103	3/4	3/4	4/4	1	1	1/8	1/8	1		8	68		1217
103	103	7/8	7/8	4/4	1	1	1/8	1/8	1		7	73		1218
104	104	0	0	4/4	1	1	1/8	1/8	1		3	81		1220
104	104	0	0	4/4	1	1	1/8	1/8	1		7	85		1220
104	104	1/8	1/8	4/4	1	1	1/8	1/8	1		11	77		1221
104	104	1/4	1/4	4/4	1	1	1/8	1/8	1		11	65		1222
104	104	1/4	1/4	4/4	1	1	1/8	1/8	1		3	69		1222
104	104	3/8	3/8	4/4	1	1	1/8	1/8	1		7	73		1223
104	104	1/2	1/2	4/4	1	1	1/8	1/8	1		3	81		1224
104	104	1/2	1/2	4/4	1	1	1/8	1/8	1		7	85		1224
104	104	5/8	5/8	4/4	1	1	1/8	1/8	1		11	77		1225
104	104	3/4	3/4	4/4	1	1	1/8	1/8	1		11	65		1226
104	104	3/4	3/4	4/4	1	1	1/8	1/8	1		3	69		1226
104	104	7/8	7/8	4/4	1	1	1/8	1/8	1		7	73		1227
105	105	0	0	4/4	1	1	1/8	1/8	1		3	81		1228
105	105	0	0	4/4	1	1	1/8	1/8	1		7	85		1228
105	105	1/8	1/8	4/4	1	1	1/8	1/8	1		11	77		1229
105	105	1/4	1/4	4/4	1	1	1/8	1/8	1		11	65		1230
105	105	1/4	1/4	4/4	1	1	1/8	1/8	1		3	69		1230
105	105	3/8	3/8	4/4	1	1	1/8	1/8	1		7	73		1231
105	105	1/2	1/2	4/4	1	1	1/8	1/8	1		3	81		1232
105	105	1/2	1/2	4/4	1	1	1/8	1/8	1		7	85		1232
105	105	5/8	5/8	4/4	1	1	1/8	1/8	1		11	77		1233
105	105	3/4	3/4	4/4	1	1	1/8	1/8	1		11	65		1234
105	105	3/4	3/4	4/4	1	1	1/8	1/8	1		3	69		1234
105	105	7/8	7/8	4/4	1	1	1/8	1/8	1		7	73		1235
106	106	0	0	4/4	2	2	1	1	1		4	64		1247
106	106	0	0	4/4	2	1	1/4	1/4	1		6	66		1244
106	106	0	0	4/4	1	1	1/8	1/8	1		7	85		1236
106	106	1/8	1/8	4/4	1	1	1/8	1/8	1		3	81		1237
106	106	1/4	1/4	4/4	2	1	1/4	1/4	1		7	73		1245
106	106	1/4	1/4	4/4	1	1	1/8	1/8	1		6	78		1238
106	106	3/8	3/8	4/4	1	1	1/8	1/8	1		7	73		1239
106	106	1/2	1/2	4/4	2	1	1/2	1/2	1	1	5	71		1246
106	106	1/2	1/2	4/4	1	1	1/8	1/8	1		7	85		1240
106	106	5/8	5/8	4/4	1	1	1/8	1/8	1		3	81		1241
106	106	3/4	3/4	4/4	1	1	1/8	1/8	1		6	78		1242
106	106	7/8	7/8	4/4	1	1	1/8	1/8	1		7	73		1243
107	107	0	0	4/4	2	2	1/2	1/2	1		9	63		1262
107	107	0	0	4/4	2	1	1/4	1/4	1	-1	5	71		1256
107	107	0	0	4/4	1	1	1/8	1/8	1		7	85		1248
107	107	1/8	1/8	4/4	1	1	1/8	1/8	1		3	81		1249
107	107	1/4	1/4	4/4	2	1	1/8	1/8	1		3	69		1257
107	107	1/4	1/4	4/4	1	1	1/8	1/8	1		6	78		1250
107	107	3/8	3/8	4/4	2	1	1/8	1/8	1		8	68		1258
107	107	3/8	3/8	4/4	1	1	1/8	1/8	1		7	73		1251
107	107	1/2	1/2	4/4	2	2	1/2	1/2	1		2	62		1263
107	107	1/2	1/2	4/4	2	1	1/4	1/4	1		6	66		1259
107	107	1/2	1/2	4/4	1	1	1/8	1/8	1		7	85		1252
107	107	5/8	5/8	4/4	1	1	1/8	1/8	1		3	81		1253
107	107	3/4	3/4	4/4	2	1	1/8	1/8	1		4	64		1260
107	107	3/4	3/4	4/4	1	1	1/8	1/8	1		6	78		1254
107	107	7/8	7/8	4/4	2	1	1/8	1/8	1		2	62		1261
107	107	7/8	7/8	4/4	1	1	1/8	1/8	1		7	73		1255
108	108	0	0	4/4	2	2	1/2	1/2	1		6	54		1277
108	108	0	0	4/4	2	1	1/4	1/4	1		7	61		1272
108	108	0	0	4/4	1	1	1/8	1/8	1		7	85		1264
108	108	1/8	1/8	4/4	1	1	1/8	1/8	1		3	81		1265
108	108	1/4	1/4	4/4	2	1	1/8	1/8	1		2	62		1273
108	108	1/4	1/4	4/4	1	1	1/8	1/8	1		6	78		1266
108	108	3/8	3/8	4/4	2	1	1/8	1/8	1		4	64		1274
108	108	3/8	3/8	4/4	1	1	1/8	1/8	1		7	73		1267
108	108	1/2	1/2	4/4	2	2	1/4	1/4	1		3	57		1278
108	108	1/2	1/2	4/4	2	1	1/4	1/4	1		6	66		1275
108	108	1/2	1/2	4/4	1	1	1/8	1/8	1		7	85		1268
108	108	5/8	5/8	4/4	1	1	1/8	1/8	1		3	81		1269
108	108	3/4	3/4	4/4	2	2	1/4	1/4	1		5	59		1279
108	108	3/4	3/4	4/4	2	1	1/4	1/4	1		3	69		1276
108	108	3/4	3/4	4/4	1	1	1/8	1/8	1		6	78		1270
108	108	7/8	7/8	4/4	1	1	1/8	1/8	1		2	74		1271
109	109	0	0	4/4	2	1	1	1	1		7	61		1288
109	109	0	0	4/4	2	1	1	1	1		8	68		1288
109	109	0	0	4/4	1	1	1/8	1/8	1		7	85		1280
109	109	1/8	1/8	4/4	1	1	1/8	1/8	1		5	83		1281
109	109	1/4	1/4	4/4	1	1	1/8	1/8	1		6	78		1282
109	109	3/8	3/8	4/4	1	1	1/8	1/8	1		7	73		1283
109	109	1/2	1/2	4/4	1	1	1/8	1/8	1		7	85		1284
109	109	5/8	5/8	4/4	1	1	1/8	1/8	1		5	83		1285
109	109	3/4	3/4	4/4	1	1	1/8	1/8	1		11	77		1286
109	109	7/8	7/8	4/4	1	1	1/8	1/8	1		7	73		1287
110	110	0	0	4/4	2	1	1/8	1/8	1		3	45		1295
110	110	1/8	1/8	4/4	2	1	1/8	1/8	1		6	54		1296
110	110	1/8	1/8	4/4	1	1	1/8	1/8	1		6	66		1289
110	110	1/4	1/4	4/4	2	1	1/8	1/8	1		7	61		1297
110	110	1/4	1/4	4/4	1	1	1/8	1/8	1		8	68		1290
110	110	3/8	3/8	4/4	2	1	1/8	1/8	1		6	54		1298
110	110	3/8	3/8	4/4	1	1	1/8	1/8	1		3	69		1291
110	110	1/2	1/2	4/4	2	1	1/8	1/8	1		8	44		1299
110	110	1/2	1/2	4/4	1	2	1/4	1/4	1		6	66		1293
110	110	1/2	1/2	4/4	1	1	1/2	1/2	1	1	5	71		1292
110	110	5/8	5/8	4/4	2	1	1/8	1/8	1		7	49		1300
110	110	3/4	3/4	4/4	2	1	1/8	1/8	1		5	59		1301
110	110	3/4	3/4	4/4	1	2	1/4	1/4	1		11	65		1294
110	110	7/8	7/8	4/4	2	1	1/8	1/8	1		7	49		1302
111	111	0	0	4/4	2	1	1/8	1/8	1		6	42		1311
111	111	0	0	4/4	1	2	1/4	1/4	1		7	61		1308
111	111	0	0	4/4	1	1	1/8	1/8	1	-1	5	71		1303
111	111	1/8	1/8	4/4	2	1	1/8	1/8	1		7	49		1312
111	111	1/8	1/8	4/4	1	1	1/8	1/8	1		3	69		1304
111	111	1/4	1/4	4/4	2	1	1/8	1/8	1		3	57		1313
111	111	1/4	1/4	4/4	1	1	1/8	1/8	1		5	71		1305
111	111	3/8	3/8	4/4	2	1	1/8	1/8	1		7	49		1314
111	111	3/8	3/8	4/4	1	1	1/8	1/8	1		7	73		1306
111	111	1/2	1/2	4/4	2	1	1/8	1/8	1		5	47		1315
111	111	1/2	1/2	4/4	1	2	1/4	1/4	1		3	69		1309
111	111	1/2	1/2	4/4	1	1	1/2	1/2	1	1	2	74		1307
111	111	5/8	5/8	4/4	2	1	1/8	1/8	1		4	52		1316
111	111	3/4	3/4	4/4	2	1	1/8	1/8	1		2	62		1317
111	111	3/4	3/4	4/4	1	2	1/4	1/4	1		8	68		1310
111	111	7/8	7/8	4/4	2	1	1/8	1/8	1		4	52		1318
112	112	0	0	4/4	2	1	1/8	1/8	1		3	45		1326
112	112	0	0	4/4	1	2	1/4	1/4	1		4	64		1324
112	112	0	0	4/4	1	1	1/8	1/8	1	-1	2	74		1319
112	112	1/8	1/8	4/4	2	1	1/8	1/8	1		4	52		1327
112	112	1/8	1/8	4/4	1	1	1/8	1/8	1		7	73		1320
112	112	1/4	1/4	4/4	2	1	1/8	1/8	1		3	57		1328
112	112	1/4	1/4	4/4	1	1	1/8	1/8	1		2	74		1321
112	112	3/8	3/8	4/4	2	1	1/8	1/8	1		7	61		1329
112	112	3/8	3/8	4/4	1	1	1/8	1/8	1		4	76		1322
112	112	1/2	1/2	4/4	2	1	1/8	1/8	1		2	50		1330
112	112	1/2	1/2	4/4	1	2	1/2	1/2	1	1	2	74		1325
112	112	1/2	1/2	4/4	1	1	1/2	1/2	1	1	6	78		1323
112	112	5/8	5/8	4/4	2	1	1/8	1/8	1		3	57		1331
112	112	3/4	3/4	4/4	2	1	1/8	1/8	1		2	62		1332
112	112	7/8	7/8	4/4	2	1	1/8	1/8	1		6	66		1333
113	113	0	0	4/4	2	1	1/8	1/8	1		3	57		1336
113	113	0	0	4/4	1	1	1/2	1/2	1	-1	2	74		1334
113	113	0	0	4/4	1	1	1/2	1/2	1	-1	6	78		1334
113	113	1/8	1/8	4/4	2	1	1/8	1/8	1		2	62		1337
113	113	1/4	1/4	4/4	2	1	1/8	1/8	1		6	66		1338
113	113	3/8	3/8	4/4	2	1	1/8	1/8	1		3	69		1339
113	113	1/2	1/2	4/4	1	1	1/2	1/2	1	1	6	66		1335
113	113	5/8	5/8	4/4	2	1	1/8	1/8	1		2	62		1340
113	113	3/4	3/4	4/4	2	1	1/8	1/8	1		7	61		1341
113	113	7/8	7/8	4/4	2	1	1/8	1/8	1		5	59		1342
114	114	0	0	4/4	2	1	1/8	1/8	1		3	57		1346
114	114	0	0	4/4	1	1	1/4	1/4	1	-1	6	66		1343
114	114	1/8	1/8	4/4	2	1	1/8	1/8	1		7	61		1347
114	114	1/4	1/4	4/4	2	1	1/8	1/8	1		3	57		1348
114	114	1/4	1/4	4/4	1	1	1/4	1/4	1		7	73		1344
114	114	3/8	3/8	4/4	2	1	1/8	1/8	1		6	54		1349
114	114	1/2	1/2	4/4	2	1	1/8	1/8	1		8	56		1350
114	114	1/2	1/2	4/4	1	1	1/2	1/2	1	1	5	71		1345
114	114	5/8	5/8	4/4	2	1	1/8	1/8	1		5	59		1351
114	114	3/4	3/4	4/4	2	1	1/8	1/8	1		4	64		1352
114	114	7/8	7/8	4/4	2	1	1/8	1/8	1		6	54		1353
115	115	0	0	4/4	2	1	1/8	1/8	1		4	52		1360
115	115	0	0	4/4	1	1	1/4	1/4	1	-1	5	71		1354
115	115	1/8	1/8	4/4	2	1	1/8	1/8	1		5	59		1361
115	115	1/4	1/4	4/4	2	1	1/8	1/8	1		4	64		1362
115	115	1/4	1/4	4/4	1	1	1/8	1/8	1		3	69		1355
115	115	3/8	3/8	4/4	2	1	1/8	1/8	1		5	59		1363
115	115	3/8	3/8	4/4	1	1	1/8	1/8	1		8	68		1356
115	115	1/2	1/2	4/4	2	1	1/8	1/8	1		5	47		1364
115	115	1/2	1/2	4/4	1	1	1/4	1/4	1		6	66		1357
115	115	5/8	5/8	4/4	2	1	1/8	1/8	1		8	56		1365
115	115	3/4	3/4	4/4	2	1	1/8	1/8	1		2	62		1366
115	115	3/4	3/4	4/4	1	1	1/8	1/8	1		4	64		1358
115	115	7/8	7/8	4/4	2	1	1/8	1/8	1		4	52		1367
115	115	7/8	7/8	4/4	1	1	1/8	1/8	1		2	62		1359
116	116	0	0	4/4	2	1	1/8	1/8	1		3	45		1373
116	116	0	0	4/4	1	1	1/4	1/4	1		7	61		1368
116	116	1/8	1/8	4/4	2	1	1/8	1/8	1		4	52		1374
116	116	1/4	1/4	4/4	2	1	1/8	1/8	1		3	57		1375
116	116	1/4	1/4	4/4	1	1	1/8	1/8	1		2	62		1369
116	116	3/8	3/8	4/4	2	1	1/8	1/8	1		4	52		1376
116	116	3/8	3/8	4/4	1	1	1/8	1/8	1		4	64		1370
116	116	1/2	1/2	4/4	2	1	1/8	1/8	1		2	50		1377
116	116	1/2	1/2	4/4	1	1	1/4	1/4	1		6	66		1371
116	116	5/8	5/8	4/4	2	1	1/8	1/8	1		3	57		1378
116	116	3/4	3/4	4/4	2	1	1/8	1/8	1		2	62		1379
116	116	3/4	3/4	4/4	1	1	1/4	1/4	1		3	69		1372
116	116	7/8	7/8	4/4	2	1	1/8	1/8	1		7	49		1380
117	117	0	0	4/4	2	1	1/8	1/8	1		12	48		1382
117	117	0	0	4/4	1	1	1	1	1	1	6	66		1381
117	117	0	0	4/4	1	1	1	1	1	1	8	68		1381
117	117	1/8	1/8	4/4	2	1	1/8	1/8	1		8	56		1383
117	117	1/4	1/4	4/4	2	1	1/8	1/8	1		9	63		1384
117	117	3/8	3/8	4/4	2	1	1/8	1/8	1		8	56		1385
117	117	1/2	1/2	4/4	2	1	1/8	1/8	1		12	48		1386
117	117	5/8	5/8	4/4	2	1	1/8	1/8	1		8	56		1387
117	117	3/4	3/4	4/4	2	1	1/8	1/8	1		9	63		1388
117	117	7/8	7/8	4/4	2	1	1/8	1/8	1		8	56		1389
118	118	0	0	4/4	2	1	1/8	1/8	1		12	48		1393
118	118	0	0	4/4	1	1	1/2	1/2	1	-1	6	66		1390
118	118	0	0	4/4	1	1	1/2	1/2	1	-1	8	68		1390
118	118	1/8	1/8	4/4	2	1	1/8	1/8	1		8	56		1394
118	118	1/4	1/4	4/4	2	1	1/8	1/8	1		9	63		1395
118	118	3/8	3/8	4/4	2	1	1/8	1/8	1		8	56		1396
118	118	1/2	1/2	4/4	2	1	1/8	1/8	1		7	49		1397
118	118	1/2	1/2	4/4	1	1	1/4	1/4	1		6	66		1391
118	118	1/2	1/2	4/4	1	1	1/4	1/4	1		3	69		1391
118	118	5/8	5/8	4/4	2	1	1/8	1/8	1		3	57		1398
118	118	3/4	3/4	4/4	2	1	1/8	1/8	1		4	64		1399
118	118	3/4	3/4	4/4	1	1	1/4	1/4	1		4	76		1392
118	118	3/4	3/4	4/4	1	1	1/4	1/4	1		8	80		1392
118	118	7/8	7/8	4/4	2	1	1/8	1/8	1		3	57		1400
119	119	0	0	4/4	2	1	1/8	1/8	1		12	48		1404
119	119	0	0	4/4	1	1	1/4	1/4	1		6	66		1401
119	119	0	0	4/4	1	1	1/4	1/4	1		8	68		1401
119	119	1/8	1/8	4/4	2	1	1/8	1/8	1		8	56		1405
119	119	1/4	1/4	4/4	2	1	1/8	1/8	1		9	63		1406
119	119	3/8	3/8	4/4	2	1	1/8	1/8	1		8	56		1407
119	119	1/2	1/2	4/4	2	1	1/8	1/8	1		5	47		1408
119	119	1/2	1/2	4/4	1	1	1/4	1/4	1		2	62		1402
119	119	1/2	1/2	4/4	1	1	1/4	1/4	1		6	66		1402
119	119	5/8	5/8	4/4	2	1	1/8	1/8	1		4	52		1409
119	119	3/4	3/4	4/4	2	1	1/8	1/8	1		8	56		1410
119	119	3/4	3/4	4/4	2	1	1/8	1/8	1		2	62		1410
119	119	3/4	3/4	4/4	1	1	1/4	1/4	1		7	73		1403
119	119	3/4	3/4	4/4	1	1	1/4	1/4	1		4	76		1403
119	119	7/8	7/8	4/4	2	1	1/8	1/8	1		4	52		1411
120	120	0	0	4/4	2	1	1/8	1/8	1		3	45		1415
120	120	0	0	4/4	1	1	1/4	1/4	1		7	61		1412
120	120	0	0	4/4	1	1	1/4	1/4	1		4	64		1412
120	120	1/8	1/8	4/4	2	1	1/8	1/8	1		4	52		1416
120	120	1/4	1/4	4/4	2	1	1/8	1/8	1		3	57		1417
120	120	3/8	3/8	4/4	2	1	1/8	1/8	1		4	52		1418
120	120	1/2	1/2	4/4	2	1	1/8	1/8	1		6	42		1419
120	120	1/2	1/2	4/4	1	1	1/4	1/4	1		5	59		1413
120	120	1/2	1/2	4/4	1	1	1/4	1/4	1		9	63		1413
120	120	5/8	5/8	4/4	2	1	1/8	1/8	1		5	47		1420
120	120	3/4	3/4	4/4	2	1	1/8	1/8	1		3	57		1421
120	120	3/4	3/4	4/4	1	1	1/4	1/4	1		3	69		1414
120	120	3/4	3/4	4/4	1	1	1/4	1/4	1		7	73		1414
120	120	7/8	7/8	4/4	2	1	1/8	1/8	1		5	47		1422
121	121	0	0	4/4	2	1	1/8	1/8	1		7	37		1424
121	121	0	0	4/4	1	1	1	1	1	1	8	56		1423
121	121	0	0	4/4	1	1	1	1	1	1	7	61		1423
121	121	1/8	1/8	4/4	2	1	1/8	1/8	1		8	44		1425
121	121	1/4	1/4	4/4	2	1	1/8	1/8	1		11	53		1426
121	121	3/8	3/8	4/4	2	1	1/8	1/8	1		8	44		1427
121	121	1/2	1/2	4/4	2	1	1/8	1/8	1		7	37		1428
121	121	5/8	5/8	4/4	2	1	1/8	1/8	1		8	44		1429
121	121	3/4	3/4	4/4	2	1	1/8	1/8	1		11	53		1430
121	121	7/8	7/8	4/4	2	1	1/8	1/8	1		8	44		1431
122	122	0	0	4/4	2	1	1/8	1/8	1		7	37		1435
122	122	0	0	4/4	1	1	1/2	1/2	1	-1	8	56		1432
122	122	0	0	4/4	1	1	1/2	1/2	1	-1	7	61		1432
122	122	1/8	1/8	4/4	2	1	1/8	1/8	1		8	44		1436
122	122	1/4	1/4	4/4	2	1	1/8	1/8	1		11	53		1437
122	122	3/8	3/8	4/4	2	1	1/8	1/8	1		8	44		1438
122	122	1/2	1/2	4/4	2	1	1/8	1/8	1		7	37		1439
122	122	1/2	1/2	4/4	1	1	1/4	1/4	1		1	55		1433
122	122	1/2	1/2	4/4	1	1	1/4	1/4	1		5	59		1433
122	122	5/8	5/8	4/4	2	1	1/8	1/8	1		3	45		1440
122	122	3/4	3/4	4/4	2	1	1/8	1/8	1		4	52		1441
122	122	3/4	3/4	4/4	1	1	1/4	1/4	1		1	67		1434
122	122	3/4	3/4	4/4	1	1	1/4	1/4	1		5	71		1434
122	122	7/8	7/8	4/4	2	1	1/8	1/8	1		3	45		1442
123	123	0	0	4/4	2	1	1/8	1/8	1		7	37		1444
123	123	0	0	4/4	1	1	1	1	1	1	8	56		1443
123	123	0	0	4/4	1	1	1	1	1	1	7	61		1443
123	123	1/8	1/8	4/4	2	1	1/8	1/8	1		8	44		1445
123	123	1/4	1/4	4/4	2	1	1/8	1/8	1		11	53		1446
123	123	3/8	3/8	4/4	2	1	1/8	1/8	1		8	44		1447
123	123	1/2	1/2	4/4	2	1	1/8	1/8	1		7	37		1448
123	123	5/8	5/8	4/4	2	1	1/8	1/8	1		8	44		1449
123	123	3/4	3/4	4/4	2	1	1/8	1/8	1		11	53		1450
123	123	7/8	7/8	4/4	2	1	1/8	1/8	1		8	44		1451
124	124	0	0	4/4	2	1	1/8	1/8	1		7	37		1455
124	124	0	0	4/4	1	1	1/2	1/2	1	-1	8	56		1452
124	124	0	0	4/4	1	1	1/2	1/2	1	-1	7	61		1452
124	124	1/8	1/8	4/4	2	1	1/8	1/8	1		8	44		1456
124	124	1/4	1/4	4/4	2	1	1/8	1/8	1		11	53		1457
124	124	3/8	3/8	4/4	2	1	1/8	1/8	1		8	44		1458
124	124	1/2	1/2	4/4	2	1	1/8	1/8	1		7	37		1459
124	124	1/2	1/2	4/4	1	1	1/4	1/4	1		1	55		1453
124	124	1/2	1/2	4/4	1	1	1/4	1/4	1		5	59		1453
124	124	5/8	5/8	4/4	2	1	1/8	1/8	1		3	45		1460
124	124	3/4	3/4	4/4	2	1	1/8	1/8	1		4	52		1461
124	124	3/4	3/4	4/4	1	1	1/4	1/4	1		1	67		1454
124	124	3/4	3/4	4/4	1	1	1/4	1/4	1		5	71		1454
124	124	7/8	7/8	4/4	2	1	1/8	1/8	1		3	45		1462
125	125	0	0	4/4	2	1	1/8	1/8	1		2	38		1468
125	125	0	0	4/4	1	1	1/6	1/4	2/3		6	54		1463
125	125	0	0	4/4	1	1	1/6	1/4	2/3		3	57		1463
125	125	1/8	1/8	4/4	2	1	1/8	1/8	1		3	45		1469
125	125	1/6	1/6	4/4	1	1	1/6	1/4	2/3		6	54		1464
125	125	1/4	1/4	4/4	2	1	1/8	1/8	1		2	50		1470
125	125	1/3	1/3	4/4	1	1	1/6	1/4	2/3		6	54		1465
125	125	3/8	3/8	4/4	2	1	1/8	1/8	1		3	45		1471
125	125	1/2	1/2	4/4	2	1	1/8	1/8	1		2	38		1472
125	125	1/2	1/2	4/4	1	1	1/4	1/4	1		6	54		1466
125	125	5/8	5/8	4/4	2	1	1/8	1/8	1		3	45		1473
125	125	3/4	3/4	4/4	2	1	1/8	1/8	1		2	50		1474
125	125	3/4	3/4	4/4	1	1	1/4	1/4	1		6	54		1467
125	125	3/4	3/4	4/4	1	1	1/4	1/4	1		3	57		1467
125	125	7/8	7/8	4/4	2	1	1/8	1/8	1		3	45		1475
126	126	0	0	4/4	2	1	1/8	1/8	1		2	38		1482
126	126	0	0	4/4	1	1	1/6	1/4	2/3		6	54		1476
126	126	0	0	4/4	1	1	1/6	1/4	2/3		5	59		1476
126	126	1/8	1/8	4/4	2	1	1/8	1/8	1		8	44		1483
126	126	1/6	1/6	4/4	1	1	1/6	1/4	2/3		6	54		1477
126	126	1/6	1/6	4/4	1	1	1/6	1/4	2/3		5	59		1477
126	126	1/4	1/4	4/4	2	1	1/8	1/8	1		2	50		1484
126	126	1/3	1/3	4/4	1	1	1/6	1/4	2/3		6	54		1478
126	126	1/3	1/3	4/4	1	1	1/6	1/4	2/3		5	59		1478
126	126	3/8	3/8	4/4	2	1	1/8	1/8	1		8	44		1485
126	126	1/2	1/2	4/4	2	1	1/8	1/8	1		2	38		1486
126	126	1/2	1/2	4/4	1	1	1/6	1/4	2/3		6	54		1479
126	126	1/2	1/2	4/4	1	1	1/6	1/4	2/3		5	59		1479
126	126	5/8	5/8	4/4	2	1	1/8	1/8	1		8	44		1487
126	126	2/3	2/3	4/4	1	1	1/6	1/4	2/3		6	54		1480
126	126	2/3	2/3	4/4	1	1	1/6	1/4	2/3		7	61		1480
126	126	3/4	3/4	4/4	2	1	1/8	1/8	1		2	50		1488
126	126	5/6	5/6	4/4	1	1	1/6	1/4	2/3		6	54		1481
126	126	5/6	5/6	4/4	1	1	1/6	1/4	2/3		5	59		1481
126	126	7/8	7/8	4/4	2	1	1/8	1/8	1		8	44		1489
127	127	0	0	4/4	2	1	1/8	1/8	1		2	38		1495
127	127	0	0	4/4	1	1	1/6	1/4	2/3		6	54		1490
127	127	0	0	4/4	1	1	1/6	1/4	2/3		3	57		1490
127	127	1/8	1/8	4/4	2	1	1/8	1/8	1		3	45		1496
127	127	1/6	1/6	4/4	1	1	1/6	1/4	2/3		6	54		1491
127	127	1/4	1/4	4/4	2	1	1/8	1/8	1		2	50		1497
127	127	1/3	1/3	4/4	1	1	1/6	1/4	2/3		6	54		1492
127	127	3/8	3/8	4/4	2	1	1/8	1/8	1		3	45		1498
127	127	1/2	1/2	4/4	2	1	1/8	1/8	1		2	38		1499
127	127	1/2	1/2	4/4	1	1	1/4	1/4	1		6	54		1493
127	127	5/8	5/8	4/4	2	1	1/8	1/8	1		3	45		1500
127	127	3/4	3/4	4/4	2	1	1/8	1/8	1		2	50		1501
127	127	3/4	3/4	4/4	1	1	1/4	1/4	1		6	54		1494
127	127	3/4	3/4	4/4	1	1	1/4	1/4	1		3	57		1494
127	127	7/8	7/8	4/4	2	1	1/8	1/8	1		3	45		1502
128	128	0	0	4/4	2	1	1/8	1/8	1		2	38		1504
128	128	0	0	4/4	1	1	1	1	1		6	54		1503
128	128	0	0	4/4	1	1	1	1	1		8	56		1503
128	128	1/8	1/8	4/4	2	1	1/8	1/8	1		5	47		1505
128	128	1/4	1/4	4/4	2	1	1/8	1/8	1		2	50		1506
128	128	3/8	3/8	4/4	2	1	1/8	1/8	1		6	54		1507
128	128	1/2	1/2	4/4	2	1	1/8	1/8	1		8	56		1508
128	128	5/8	5/8	4/4	2	1	1/8	1/8	1		5	59		1509
128	128	3/4	3/4	4/4	2	1	1/8	1/8	1		2	62		1510
128	128	7/8	7/8	4/4	2	1	1/8	1/8	1		6	66		1511
129	129	0	0	4/4	2	1	1/8	1/8	1		2	38		1517
129	129	0	0	4/4	1	1	1/6	1/4	2/3		2	62		1512
129	129	0	0	4/4	1	1	1/6	1/4	2/3		6	66		1512
129	129	0	0	4/4	1	1	1/6	1/4	2/3		3	69		1512
129	129	1/8	1/8	4/4	2	1	1/8	1/8	1		3	45		1518
129	129	1/6	1/6	4/4	1	1	1/6	1/4	2/3		2	62		1513
129	129	1/6	1/6	4/4	1	1	1/6	1/4	2/3		6	66		1513
129	129	1/4	1/4	4/4	2	1	1/8	1/8	1		2	50		1519
129	129	1/3	1/3	4/4	1	1	1/6	1/4	2/3		2	62		1514
129	129	1/3	1/3	4/4	1	1	1/6	1/4	2/3		6	66		1514
129	129	3/8	3/8	4/4	2	1	1/8	1/8	1		6	54		1520
129	129	1/2	1/2	4/4	2	1	1/8	1/8	1		3	57		1521
129	129	1/2	1/2	4/4	1	1	1/4	1/4	1		2	62		1515
129	129	1/2	1/2	4/4	1	1	1/4	1/4	1		6	66		1515
129	129	5/8	5/8	4/4	2	1	1/8	1/8	1		6	54		1522
129	129	3/4	3/4	4/4	2	1	1/8	1/8	1		2	50		1523
129	129	3/4	3/4	4/4	1	1	1/4	1/4	1		2	62		1516
129	129	3/4	3/4	4/4	1	1	1/4	1/4	1		6	66		1516
129	129	3/4	3/4	4/4	1	1	1/4	1/4	1		3	69		1516
129	129	7/8	7/8	4/4	2	1	1/8	1/8	1		3	45		1524
130	130	0	0	4/4	2	1	1/8	1/8	1		2	38		1531
130	130	0	0	4/4	1	1	1/6	1/4	2/3		2	62		1525
130	130	0	0	4/4	1	1	1/6	1/4	2/3		6	66		1525
130	130	0	0	4/4	1	1	1/6	1/4	2/3		5	71		1525
130	130	1/8	1/8	4/4	2	1	1/8	1/8	1		8	44		1532
130	130	1/6	1/6	4/4	1	1	1/6	1/4	2/3		2	62		1526
130	130	1/6	1/6	4/4	1	1	1/6	1/4	2/3		6	66		1526
130	130	1/6	1/6	4/4	1	1	1/6	1/4	2/3		5	71		1526
130	130	1/4	1/4	4/4	2	1	1/8	1/8	1		2	50		1533
130	130	1/3	1/3	4/4	1	1	1/6	1/4	2/3		2	62		1527
130	130	1/3	1/3	4/4	1	1	1/6	1/4	2/3		6	66		1527
130	130	1/3	1/3	4/4	1	1	1/6	1/4	2/3		5	71		1527
130	130	3/8	3/8	4/4	2	1	1/8	1/8	1		6	54		1534
130	130	1/2	1/2	4/4	2	1	1/8	1/8	1		8	56		1535
130	130	1/2	1/2	4/4	1	1	1/6	1/4	2/3		2	62		1528
130	130	1/2	1/2	4/4	1	1	1/6	1/4	2/3		6	66		1528
130	130	1/2	1/2	4/4	1	1	1/6	1/4	2/3		5	71		1528
130	130	5/8	5/8	4/4	2	1	1/8	1/8	1		6	54		1536
130	130	2/3	2/3	4/4	1	1	1/6	1/4	2/3		4	64		1529
130	130	2/3	2/3	4/4	1	1	1/6	1/4	2/3		6	66		1529
130	130	2/3	2/3	4/4	1	1	1/6	1/4	2/3		7	73		1529
130	130	3/4	3/4	4/4	2	1	1/8	1/8	1		2	50		1537
130	130	5/6	5/6	4/4	1	1	1/6	1/4	2/3		2	62		1530
130	130	5/6	5/6	4/4	1	1	1/6	1/4	2/3		6	66		1530
130	130	5/6	5/6	4/4	1	1	1/6	1/4	2/3		5	71		1530
130	130	7/8	7/8	4/4	2	1	1/8	1/8	1		8	44		1538
131	131	0	0	4/4	2	1	1/8	1/8	1		2	38		1544
131	131	0	0	4/4	1	1	1/6	1/4	2/3		2	62		1539
131	131	0	0	4/4	1	1	1/6	1/4	2/3		6	66		1539
131	131	0	0	4/4	1	1	1/6	1/4	2/3		3	69		1539
131	131	1/8	1/8	4/4	2	1	1/8	1/8	1		3	45		1545
131	131	1/6	1/6	4/4	1	1	1/6	1/4	2/3		2	62		1540
131	131	1/6	1/6	4/4	1	1	1/6	1/4	2/3		6	66		1540
131	131	1/4	1/4	4/4	2	1	1/8	1/8	1		2	50		1546
131	131	1/3	1/3	4/4	1	1	1/6	1/4	2/3		2	62		1541
131	131	1/3	1/3	4/4	1	1	1/6	1/4	2/3		6	66		1541
131	131	3/8	3/8	4/4	2	1	1/8	1/8	1		6	54		1547
131	131	1/2	1/2	4/4	2	1	1/8	1/8	1		3	57		1548
131	131	1/2	1/2	4/4	1	1	1/4	1/4	1		2	62		1542
131	131	1/2	1/2	4/4	1	1	1/4	1/4	1		6	66		1542
131	131	5/8	5/8	4/4	2	1	1/8	1/8	1		6	54		1549
131	131	3/4	3/4	4/4	2	1	1/8	1/8	1		2	50		1550
131	131	3/4	3/4	4/4	1	1	1/4	1/4	1		7	61		1543
131	131	3/4	3/4	4/4	1	1	1/4	1/4	1		2	62		1543
131	131	3/4	3/4	4/4	1	1	1/4	1/4	1		6	66		1543
131	131	3/4	3/4	4/4	1	1	1/4	1/4	1		3	69		1543
131	131	7/8	7/8	4/4	2	1	1/8	1/8	1		3	45		1551
132	132	0	0	4/4	2	1	1/8	1/8	1		4	40		1553
132	132	0	0	4/4	1	1	1	1	1		5	59		1552
132	132	0	0	4/4	1	1	1	1	1		2	62		1552
132	132	0	0	4/4	1	1	1	1	1		6	66		1552
132	132	0	0	4/4	1	1	1	1	1		8	68		1552
132	132	1/8	1/8	4/4	2	1	1/8	1/8	1		5	47		1554
132	132	1/4	1/4	4/4	2	1	1/8	1/8	1		4	52		1555
132	132	3/8	3/8	4/4	2	1	1/8	1/8	1		6	54		1556
132	132	1/2	1/2	4/4	2	1	1/8	1/8	1		8	56		1557
132	132	5/8	5/8	4/4	2	1	1/8	1/8	1		6	54		1558
132	132	3/4	3/4	4/4	2	1	1/8	1/8	1		8	56		1559
132	132	7/8	7/8	4/4	2	1	1/8	1/8	1		5	59		1560
133	133	0	0	4/4	2	2	1/8	1/8	1		2	62		1566
133	133	0	0	4/4	2	1	1/4	1/4	1		2	62		1565
133	133	1/8	1/8	4/4	2	2	1/8	1/8	1		5	59		1567
133	133	1/4	1/4	4/4	2	2	1/8	1/8	1		2	62		1568
133	133	3/8	3/8	4/4	2	2	1/8	1/8	1		4	64		1569
133	133	1/2	1/2	4/4	1	1	1/8	1/8	1		6	66		1561
133	133	5/8	5/8	4/4	1	1	1/8	1/8	1		8	68		1562
133	133	3/4	3/4	4/4	1	1	1/8	1/8	1		5	71		1563
133	133	7/8	7/8	4/4	1	1	1/8	1/8	1		2	74		1564
134	134	0	0	4/4	1	1	1/8	1/8	1		6	78		1570
134	134	1/8	1/8	4/4	1	1	1/8	1/8	1		2	74		1571
134	134	1/4	1/4	4/4	1	1	1/8	1/8	1		5	71		1572
134	134	3/8	3/8	4/4	1	1	1/8	1/8	1	1	6	66		1573
134	134	1/2	1/2	4/4	1	2	1/2	1/2	1	-1	6	66		1578
134	134	1/2	1/2	4/4	1	1	1/8	1/8	1		8	68		1574
134	134	1/2	1/2	4/4	1	2	1/2	1/2	1		8	68		1578
134	134	5/8	5/8	4/4	1	1	1/8	1/8	1		5	71		1575
134	134	3/4	3/4	4/4	1	1	1/8	1/8	1		2	74		1576
134	134	7/8	7/8	4/4	1	1	1/8	1/8	1		4	76		1577
135	135	0	0	4/4	1	1	1/8	1/8	1		6	78		1579
135	135	1/8	1/8	4/4	1	1	1/8	1/8	1		2	74		1580
135	135	1/4	1/4	4/4	1	1	1/8	1/8	1		5	71		1581
135	135	3/8	3/8	4/4	1	1	1/8	1/8	1	1	4	64		1582
135	135	1/2	1/2	4/4	1	2	1/2	1/2	1	-1	4	64		1587
135	135	1/2	1/2	4/4	1	1	1/8	1/8	1		8	68		1583
135	135	1/2	1/2	4/4	1	2	1/2	1/2	1		8	68		1587
135	135	5/8	5/8	4/4	1	1	1/8	1/8	1		5	71		1584
135	135	3/4	3/4	4/4	1	1	1/8	1/8	1		2	74		1585
135	135	7/8	7/8	4/4	1	1	1/8	1/8	1		4	76		1586
136	136	0	0	4/4	1	1	1/8	1/8	1		6	78		1588
136	136	1/8	1/8	4/4	1	1	1/8	1/8	1		2	74		1589
136	136	1/4	1/4	4/4	1	1	1/8	1/8	1		5	71		1590
136	136	3/8	3/8	4/4	1	1	1/8	1/8	1	1	6	66		1591
136	136	1/2	1/2	4/4	1	2	1/2	1/2	1	-1	6	66		1596
136	136	1/2	1/2	4/4	1	1	1/8	1/8	1		8	68		1592
136	136	1/2	1/2	4/4	1	2	1/2	1/2	1		8	68		1596
136	136	5/8	5/8	4/4	1	1	1/8	1/8	1		5	71		1593
136	136	3/4	3/4	4/4	1	1	1/8	1/8	1		2	74		1594
136	136	7/8	7/8	4/4	1	1	1/8	1/8	1		4	76		1595
137	137	0	0	4/4	1	1	1/8	1/8	1		6	78		1597
137	137	1/8	1/8	4/4	1	1	1/8	1/8	1		2	74		1598
137	137	1/4	1/4	4/4	1	1	1/8	1/8	1		5	71		1599
137	137	3/8	3/8	4/4	1	1	1/8	1/8	1	1	4	64		1600
137	137	1/2	1/2	4/4	1	2	1/2	1/2	1	-1	4	64		1605
137	137	1/2	1/2	4/4	1	1	1/8	1/8	1		8	68		1601
137	137	1/2	1/2	4/4	1	2	1/2	1/2	1		8	68		1605
137	137	5/8	5/8	4/4	1	1	1/8	1/8	1		5	71		1602
137	137	3/4	3/4	4/4	1	1	1/8	1/8	1		2	74		1603
137	137	7/8	7/8	4/4	1	1	1/8	1/8	1		4	76		1604
138	138	0	0	4/4	1	1	1/4	1/4	1		6	78		1606
138	138	1/8	1/8	4/4	2	1	1/8	1/8	1		6	54		1610
138	138	1/4	1/4	4/4	2	1	1/8	1/8	1		7	61		1611
138	138	1/4	1/4	4/4	2	1	1/8	1/8	1		6	66		1611
138	138	1/4	1/4	4/4	1	1	1/4	1/4	1		7	85		1607
138	138	3/8	3/8	4/4	2	1	1/8	1/8	1		3	69		1612
138	138	1/2	1/2	4/4	1	2	1/2	1/2	1		6	78		1609
138	138	1/2	1/2	4/4	1	2	1/2	1/2	1		3	81		1609
138	138	1/2	1/2	4/4	1	1	1/2	1/2	1		12	84		1608
138	138	5/8	5/8	4/4	2	1	1/8	1/8	1		3	57		1613
138	138	3/4	3/4	4/4	2	1	1/8	1/8	1		2	62		1614
138	138	3/4	3/4	4/4	2	1	1/8	1/8	1		6	66		1614
138	138	7/8	7/8	4/4	2	1	1/8	1/8	1		0	72		1615
139	139	0	0	4/4	1	1	1/4	1/4	1		7	85		1616
139	139	1/8	1/8	4/4	2	1	1/8	1/8	1		7	61		1623
139	139	1/4	1/4	4/4	2	1	1/8	1/8	1		6	66		1624
139	139	1/4	1/4	4/4	1	2	1/4	1/4	1		6	78		1621
139	139	1/4	1/4	4/4	1	2	1/4	1/4	1		3	81		1621
139	139	1/4	1/4	4/4	1	1	1/4	1/4	1		4	88		1617
139	139	3/8	3/8	4/4	2	1	1/8	1/8	1		4	76		1625
139	139	1/2	1/2	4/4	1	1	1/6	1/4	2/3		9	87		1618
139	139	5/8	5/8	4/4	2	1	1/8	1/8	1		5	59		1626
139	139	2/3	2/3	4/4	1	2	1/6	1/4	2/3		6	78		1622
139	139	2/3	2/3	4/4	1	1	1/6	1/4	2/3		5	83		1619
139	139	3/4	3/4	4/4	2	1	1/8	1/8	1		6	66		1627
139	139	5/6	5/6	4/4	1	1	1/6	1/4	2/3		3	81		1620
139	139	7/8	7/8	4/4	2	1	1/8	1/8	1		9	75		1628
140	140	0	0	4/4	1	1	1/4	1/4	1		6	78		1629
140	140	1/8	1/8	4/4	2	1	1/8	1/8	1		6	54		1633
140	140	1/4	1/4	4/4	2	1	1/8	1/8	1		7	61		1634
140	140	1/4	1/4	4/4	2	1	1/8	1/8	1		6	66		1634
140	140	1/4	1/4	4/4	1	1	1/4	1/4	1		7	85		1630
140	140	3/8	3/8	4/4	2	1	1/8	1/8	1		3	69		1635
140	140	1/2	1/2	4/4	1	2	1/2	1/2	1		6	78		1632
140	140	1/2	1/2	4/4	1	2	1/2	1/2	1		3	81		1632
140	140	1/2	1/2	4/4	1	1	1/2	1/2	1		12	84		1631
140	140	5/8	5/8	4/4	2	1	1/8	1/8	1		3	57		1636
140	140	3/4	3/4	4/4	2	1	1/8	1/8	1		2	62		1637
140	140	3/4	3/4	4/4	2	1	1/8	1/8	1		6	66		1637
140	140	7/8	7/8	4/4	2	1	1/8	1/8	1		0	72		1638
141	141	0	0	4/4	1	1	1/4	1/4	1		7	85		1639
141	141	1/8	1/8	4/4	2	1	1/8	1/8	1		7	61		1646
141	141	1/4	1/4	4/4	2	1	1/8	1/8	1		6	66		1647
141	141	1/4	1/4	4/4	1	2	1/4	1/4	1		6	78		1644
141	141	1/4	1/4	4/4	1	2	1/4	1/4	1		3	81		1644
141	141	1/4	1/4	4/4	1	1	1/4	1/4	1		4	88		1640
141	141	3/8	3/8	4/4	2	1	1/8	1/8	1		4	76		1648
141	141	1/2	1/2	4/4	1	1	1/6	1/4	2/3		9	87		1641
141	141	5/8	5/8	4/4	2	1	1/8	1/8	1		5	59		1649
141	141	2/3	2/3	4/4	1	2	1/6	1/4	2/3		6	78		1645
141	141	2/3	2/3	4/4	1	1	1/6	1/4	2/3		5	83		1642
141	141	3/4	3/4	4/4	2	1	1/8	1/8	1		6	66		1650
141	141	5/6	5/6	4/4	1	1	1/6	1/4	2/3		3	81		1643
141	141	7/8	7/8	4/4	2	1	1/8	1/8	1		9	75		1651
142	142	0	0	4/4	1	1	1/4	1/4	1		7	73		1652
142	142	1/8	1/8	4/4	2	1	1/8	1/8	1		7	49		1659
142	142	1/4	1/4	4/4	2	1	1/8	1/8	1		6	54		1660
142	142	1/4	1/4	4/4	1	2	1/4	1/4	1		6	66		1657
142	142	1/4	1/4	4/4	1	2	1/4	1/4	1		3	69		1657
142	142	1/4	1/4	4/4	1	1	1/4	1/4	1		4	76		1653
142	142	3/8	3/8	4/4	2	1	1/8	1/8	1		4	64		1661
142	142	1/2	1/2	4/4	1	1	1/6	1/4	2/3		9	75		1654
142	142	5/8	5/8	4/4	2	1	1/8	1/8	1		5	47		1662
142	142	2/3	2/3	4/4	1	2	1/6	1/4	2/3		6	66		1658
142	142	2/3	2/3	4/4	1	1	1/6	1/4	2/3		5	71		1655
142	142	3/4	3/4	4/4	2	1	1/8	1/8	1		6	54		1663
142	142	5/6	5/6	4/4	1	1	1/6	1/4	2/3		3	69		1656
142	142	7/8	7/8	4/4	2	1	1/8	1/8	1		9	63		1664
143	143	0	0	4/4	2	1	1/8	1/8	1		3	45		1666
143	143	0	0	4/4	1	1	1	1	1		7	73		1665
143	143	1/8	1/8	4/4	2	1	1/8	1/8	1		9	51		1667
143	143	1/4	1/4	4/4	2	1	1/8	1/8	1		6	54		1668
143	143	3/8	3/8	4/4	2	1	1/8	1/8	1		3	57		1669
143	143	1/2	1/2	4/4	2	1	1/8	1/8	1		7	61		1670
143	143	5/8	5/8	4/4	2	1	1/8	1/8	1		9	63		1671
143	143	3/4	3/4	4/4	2	1	1/8	1/8	1		6	66		1672
143	143	7/8	7/8	4/4	2	1	1/8	1/8	1		3	69		1673
144	144	0	0	4/4	1	1	1/8	1/8	1		7	73		1674
144	144	1/8	1/8	4/4	1	1	1/8	1/8	1		9	75		1675
144	144	1/4	1/4	4/4	1	1	1/8	1/8	1		6	78		1676
144	144	3/8	3/8	4/4	1	1	1/8	1/8	1		3	81		1677
144	144	1/2	1/2	4/4	1	1	1/8	1/8	1		7	85		1678
144	144	5/8	5/8	4/4	1	1	1/8	1/8	1		9	87		1679
144	144	3/4	3/4	4/4	1	1	1/8	1/8	1		6	90		1680
144	144	7/8	7/8	4/4	1	1	1/8	1/8	1		3	93		1681
145	145	0	0	4/4	2	1	1/8	1/8	1		8	44		1687
145	145	0	0	4/4	1	1	1	1	1		5	95		1682
145	145	0	0	4/4	1	1	1	1	1		7	97		1682
145	145	1/8	1/8	4/4	2	1	1/8	1/8	1		11	53		1688
145	145	1/4	1/4	4/4	2	1	1/8	1/8	1		8	56		1689
145	145	3/8	3/8	4/4	2	1	1/8	1/8	1		5	59		1690
145	145	1/2	1/2	4/4	2	1	1/8	1/8	1		7	61		1691
145	145	1/2	1/2	4/4	1	2	1/8	1/8	1		11	65		1683
145	145	5/8	5/8	4/4	1	2	1/8	1/8	1		8	68		1684
145	145	3/4	3/4	4/4	1	2	1/8	1/8	1		5	71		1685
145	145	7/8	7/8	4/4	1	2	1/8	1/8	1		7	73		1686
146	146	0	0	4/4	1	1	1/8	1/8	1		11	77		1692
146	146	1/8	1/8	4/4	1	1	1/8	1/8	1		8	80		1693
146	146	1/4	1/4	4/4	1	1	1/8	1/8	1		5	83		1694
146	146	3/8	3/8	4/4	1	1	1/8	1/8	1		7	85		1695
146	146	1/2	1/2	4/4	1	1	1/8	1/8	1		11	77		1696
146	146	5/8	5/8	4/4	1	1	1/8	1/8	1		8	80		1697
146	146	3/4	3/4	4/4	1	1	1/8	1/8	1		5	83		1698
146	146	7/8	7/8	4/4	1	1	1/8	1/8	1		7	85		1699
147	147	0	0	4/4	2	1	1/2	1/2	1		6	30		1708
147	147	0	0	4/4	2	1	1/2	1/2	1		7	37		1708
147	147	0	0	4/4	2	1	1/2	1/2	1		6	42		1708
147	147	0	0	4/4	1	1	1/8	1/8	1		7	85		1700
147	147	0	0	4/4	1	1	1/8	1/8	1		6	90		1700
147	147	1/8	1/8	4/4	1	1	1/8	1/8	1		6	78		1701
147	147	1/4	1/4	4/4	1	1	1/8	1/8	1		7	85		1702
147	147	1/4	1/4	4/4	1	1	1/8	1/8	1		6	90		1702
147	147	3/8	3/8	4/4	1	1	1/8	1/8	1		6	78		1703
147	147	1/2	1/2	4/4	2	1	1/2	1/2	1		7	37		1709
147	147	1/2	1/2	4/4	2	1	1/2	1/2	1		6	42		1709
147	147	1/2	1/2	4/4	2	1	1/2	1/2	1		7	49		1709
147	147	1/2	1/2	4/4	1	1	1/8	1/8	1		6	78		1704
147	147	1/2	1/2	4/4	1	1	1/8	1/8	1		7	85		1704
147	147	5/8	5/8	4/4	1	1	1/8	1/8	1		7	73		1705
147	147	3/4	3/4	4/4	1	1	1/8	1/8	1		6	78		1706
147	147	3/4	3/4	4/4	1	1	1/8	1/8	1		7	85		1706
147	147	7/8	7/8	4/4	1	1	1/8	1/8	1		7	73		1707
148	148	0	0	4/4	2	1	1	1	1		5	35		1718
148	148	0	0	4/4	2	1	1	1	1		6	42		1718
148	148	0	0	4/4	2	1	1	1	1		5	47		1718
148	148	0	0	4/4	1	1	1/8	1/8	1		6	78		1710
148	148	0	0	4/4	1	1	1/8	1/8	1		9	87		1710
148	148	1/8	1/8	4/4	1	1	1/8	1/8	1		9	75		1711
148	148	1/4	1/4	4/4	1	1	1/8	1/8	1		6	78		1712
148	148	1/4	1/4	4/4	1	1	1/8	1/8	1		9	87		1712
148	148	3/8	3/8	4/4	1	1	1/8	1/8	1		9	75		1713
148	148	1/2	1/2	4/4	1	1	1/8	1/8	1		6	78		1714
148	148	1/2	1/2	4/4	1	1	1/8	1/8	1		5	83		1714
148	148	5/8	5/8	4/4	1	1	1/8	1/8	1		5	71		1715
148	148	3/4	3/4	4/4	1	1	1/8	1/8	1		6	78		1716
148	148	3/4	3/4	4/4	1	1	1/8	1/8	1		5	83		1716
148	148	7/8	7/8	4/4	1	1	1/8	1/8	1		5	71		1717
149	149	0	0	4/4	2	1	1/2	1/2	1		6	30		1727
149	149	0	0	4/4	2	1	1/2	1/2	1		7	37		1727
149	149	0	0	4/4	2	1	1/2	1/2	1		6	42		1727
149	149	0	0	4/4	1	1	1/8	1/8	1		7	85		1719
149	149	0	0	4/4	1	1	1/8	1/8	1		6	90		1719
149	149	1/8	1/8	4/4	1	1	1/8	1/8	1		6	78		1720
149	149	1/4	1/4	4/4	1	1	1/8	1/8	1		7	85		1721
149	149	1/4	1/4	4/4	1	1	1/8	1/8	1		6	90		1721
149	149	3/8	3/8	4/4	1	1	1/8	1/8	1		6	78		1722
149	149	1/2	1/2	4/4	2	1	1/2	1/2	1		7	37		1728
149	149	1/2	1/2	4/4	2	1	1/2	1/2	1		6	42		1728
149	149	1/2	1/2	4/4	2	1	1/2	1/2	1		7	49		1728
149	149	1/2	1/2	4/4	1	1	1/8	1/8	1		6	78		1723
149	149	1/2	1/2	4/4	1	1	1/8	1/8	1		7	85		1723
149	149	5/8	5/8	4/4	1	1	1/8	1/8	1		7	73		1724
149	149	3/4	3/4	4/4	1	1	1/8	1/8	1		6	78		1725
149	149	3/4	3/4	4/4	1	1	1/8	1/8	1		7	85		1725
149	149	7/8	7/8	4/4	1	1	1/8	1/8	1		7	73		1726
150	150	0	0	4/4	2	1	1	1	1		5	35		1737
150	150	0	0	4/4	2	1	1	1	1		6	42		1737
150	150	0	0	4/4	2	1	1	1	1		5	47		1737
150	150	0	0	4/4	1	1	1/8	1/8	1		6	78		1729
150	150	0	0	4/4	1	1	1/8	1/8	1		9	87		1729
150	150	1/8	1/8	4/4	1	1	1/8	1/8	1		9	75		1730
150	150	1/4	1/4	4/4	1	1	1/8	1/8	1		6	78		1731
150	150	1/4	1/4	4/4	1	1	1/8	1/8	1		9	87		1731
150	150	3/8	3/8	4/4	1	1	1/8	1/8	1		9	75		1732
150	150	1/2	1/2	4/4	1	1	1/8	1/8	1		6	78		1733
150	150	1/2	1/2	4/4	1	1	1/8	1/8	1		5	83		1733
150	150	5/8	5/8	4/4	1	1	1/8	1/8	1		5	71		1734
150	150	3/4	3/4	4/4	1	1	1/8	1/8	1		6	78		1735
150	150	3/4	3/4	4/4	1	1	1/8	1/8	1		5	83		1735
150	150	7/8	7/8	4/4	1	1	1/8	1/8	1		5	71		1736
151	151	0	0	4/4	2	1	1/2	1/2	1		6	30		1746
151	151	0	0	4/4	2	1	1/2	1/2	1		7	37		1746
151	151	0	0	4/4	2	1	1/2	1/2	1		6	42		1746
151	151	0	0	4/4	1	1	1/8	1/8	1		7	73		1738
151	151	0	0	4/4	1	1	1/8	1/8	1		6	78		1738
151	151	1/8	1/8	4/4	1	1	1/8	1/8	1		6	66		1739
151	151	1/4	1/4	4/4	1	1	1/8	1/8	1		7	73		1740
151	151	1/4	1/4	4/4	1	1	1/8	1/8	1		6	78		1740
151	151	3/8	3/8	4/4	1	1	1/8	1/8	1		6	66		1741
151	151	1/2	1/2	4/4	2	1	1/2	1/2	1		7	37		1747
151	151	1/2	1/2	4/4	2	1	1/2	1/2	1		6	42		1747
151	151	1/2	1/2	4/4	2	1	1/2	1/2	1		7	49		1747
151	151	1/2	1/2	4/4	1	1	1/8	1/8	1		6	66		1742
151	151	1/2	1/2	4/4	1	1	1/8	1/8	1		7	73		1742
151	151	5/8	5/8	4/4	1	1	1/8	1/8	1		7	61		1743
151	151	3/4	3/4	4/4	1	1	1/8	1/8	1		6	66		1744
151	151	3/4	3/4	4/4	1	1	1/8	1/8	1		7	73		1744
151	151	7/8	7/8	4/4	1	1	1/8	1/8	1		7	61		1745
152	152	0	0	4/4	2	1	1/8	1/8	1		5	35		1749
152	152	0	0	4/4	1	1	1	1	1		9	63		1748
152	152	0	0	4/4	1	1	1	1	1		6	66		1748
152	152	0	0	4/4	1	1	1	1	1		9	75		1748
152	152	1/8	1/8	4/4	2	1	1/8	1/8	1		6	42		1750
152	152	1/4	1/4	4/4	2	1	1/8	1/8	1		5	47		1751
152	152	3/8	3/8	4/4	2	1	1/8	1/8	1		9	51		1752
152	152	1/2	1/2	4/4	2	1	1/8	1/8	1		6	54		1753
152	152	5/8	5/8	4/4	2	1	1/8	1/8	1		5	59		1754
152	152	3/4	3/4	4/4	2	1	1/8	1/8	1		9	63		1755
152	152	7/8	7/8	4/4	2	1	1/8	1/8	1		6	66		1756
153	153	0	0	4/4	1	1	1/8	1/8	1		5	71		1757
153	153	1/8	1/8	4/4	1	1	1/8	1/8	1		9	75		1758
153	153	1/4	1/4	4/4	1	1	1/8	1/8	1		6	78		1759
153	153	3/8	3/8	4/4	1	1	1/8	1/8	1		5	83		1760
153	153	1/2	1/2	4/4	1	1	1/8	1/8	1		9	75		1761
153	153	5/8	5/8	4/4	1	1	1/8	1/8	1		6	78		1762
153	153	3/4	3/4	4/4	1	1	1/8	1/8	1		5	83		1763
153	153	7/8	7/8	4/4	1	1	1/8	1/8	1		9	87		1764
154	154	0	0	4/4	2	1	1/8	1/8	1		6	30		1766
154	154	0	0	4/4	2	1	1/8	1/8	1		7	37		1766
154	154	0	0	4/4	2	1	1/8	1/8	1		6	42		1766
154	154	0	0	4/4	1	1	1/8	1/8	1		6	78		1765
154	154	0	0	4/4	1	1	1/8	1/8	1		7	85		1765
154	154	0	0	4/4	1	1	1/8	1/8	1		6	90		1765
155	155	0	0	4/4	2	1	1/8	1/8	1		6	42		1768
155	155	0	0	4/4	2	1	1/8	1/8	1		7	49		1768
155	155	0	0	4/4	2	1	1/8	1/8	1		3	57		1768
155	155	0	0	4/4	1	1	1/8	1/8	1		6	66		1767
155	155	0	0	4/4	1	1	1/8	1/8	1		7	73		1767
155	155	0	0	4/4	1	1	1/8	1/8	1		6	78		1767
156	156	0	0	4/4	2	1	1/8	1/8	1		6	30		1770
156	156	0	0	4/4	2	1	1/8	1/8	1		6	42		1770
156	156	0	0	4/4	1	1	1/8	1/8	1		6	78		1769
156	156	0	0	4/4	1	1	1/8	1/8	1		6	90		1769
